# Blender v2.79 (sub 0) OBJ File: 'VaseScript.blend'
# www.blender.org
mtllib VaseScript.mtl
o vase.232_vase.1346
v 1.801442 4.194434 2.668039
v 1.930952 4.027479 2.777843
v 1.934839 3.734827 2.850372
v 1.841233 2.756571 2.680173
v 1.683085 2.789808 2.569788
v 1.422307 1.363112 2.143578
v 1.502762 0.492168 2.370974
v 1.708423 0.075887 2.615029
v 1.784200 0.075887 2.646910
v 1.830107 0.148497 2.703166
v 2.097073 4.194434 2.535080
v 2.154330 4.027479 2.694929
v 2.121432 3.734827 2.759684
v 2.125466 2.756571 2.565485
v 2.043698 2.789808 2.390814
v 2.030963 1.363112 1.891316
v 1.986941 0.492168 2.128475
v 2.043022 0.075887 2.442663
v 2.092706 0.075887 2.508161
v 2.104334 0.148497 2.579834
v 2.419577 4.194434 2.567750
v 2.389238 4.027479 2.734811
v 2.328370 3.734827 2.774442
v 2.428963 2.756571 2.608278
v 2.445486 2.789808 2.416125
v 2.684205 1.363112 1.977179
v 2.527503 0.492168 2.160554
v 2.418975 0.075887 2.460689
v 2.429254 0.075887 2.542254
v 2.403488 0.148497 2.610138
v 2.682538 4.194434 2.757295
v 2.572733 4.027479 2.886805
v 2.500204 3.734827 2.890692
v 2.670403 2.756571 2.797086
v 2.780788 2.789808 2.638938
v 3.206998 1.363112 2.378160
v 2.979602 0.492168 2.458616
v 2.735548 0.075887 2.664277
v 2.703666 0.075887 2.740053
v 2.647410 0.148497 2.785960
v 2.815496 4.194434 3.052926
v 2.655647 4.027479 3.110183
v 2.590892 3.734827 3.077285
v 2.785091 2.756571 3.081319
v 2.959762 2.789808 2.999552
v 3.459260 1.363112 2.986817
v 3.222101 0.492168 2.942795
v 2.907913 0.075887 2.998875
v 2.842415 0.075887 3.048559
v 2.770742 0.148497 3.060187
v 2.782826 4.194434 3.375430
v 2.615764 4.027479 3.345091
v 2.576133 3.734827 3.284223
v 2.742298 2.756571 3.384816
v 2.934451 2.789808 3.401339
v 3.373396 1.363112 3.640059
v 3.190022 0.492168 3.483356
v 2.889887 0.075887 3.374829
v 2.808322 0.075887 3.385107
v 2.740438 0.148497 3.359341
v 2.593281 4.194434 3.638391
v 2.463771 4.027479 3.528585
v 2.459883 3.734827 3.456057
v 2.553489 2.756571 3.626256
v 2.711637 2.789808 3.736641
v 2.972414 1.363112 4.162851
v 2.891959 0.492168 3.935456
v 2.686299 0.075887 3.691401
v 2.610522 0.075887 3.659519
v 2.564615 0.148497 3.603263
v 2.197362 0.148497 3.153214
v 2.297649 4.194434 3.771349
v 2.240393 4.027479 3.611500
v 2.273291 3.734827 3.546744
v 2.269257 2.756571 3.740944
v 2.351024 2.789808 3.915615
v 2.363758 1.363112 4.415112
v 2.407780 0.492168 4.177954
v 2.351700 0.075887 3.863766
v 2.302016 0.075887 3.798268
v 2.290388 0.148497 3.726595
v 1.975146 4.194434 3.738678
v 2.005485 4.027479 3.571617
v 2.066353 3.734827 3.531986
v 1.965759 2.756571 3.698150
v 1.949236 2.789808 3.890303
v 1.710516 1.363112 4.329248
v 1.867219 0.492168 4.145874
v 1.975747 0.075887 3.845739
v 1.965468 0.075887 3.764174
v 1.991234 0.148497 3.696290
v 1.712185 4.194434 3.549133
v 1.821990 4.027479 3.419623
v 1.894519 3.734827 3.415735
v 1.724320 2.756571 3.509341
v 1.613934 2.789808 3.667489
v 1.187724 1.363112 3.928266
v 1.415120 0.492168 3.847811
v 1.659175 0.075887 3.642151
v 1.691056 0.075887 3.566374
v 1.747312 0.148497 3.520468
v 1.579227 4.194434 3.253501
v 1.739076 4.027479 3.196245
v 1.803832 3.734827 3.229143
v 1.609632 2.756571 3.225108
v 1.434961 2.789808 3.306875
v 0.935464 1.363112 3.319609
v 1.172622 0.492168 3.363631
v 1.486810 0.075887 3.307552
v 1.552308 0.075887 3.257868
v 1.623981 0.148497 3.246240
v 1.611898 4.194434 2.930998
v 1.778960 4.027479 2.961337
v 1.818590 3.734827 3.022205
v 1.652426 2.756571 2.921611
v 1.460273 2.789808 2.905088
v 1.021329 1.363112 2.666367
v 1.204703 0.492168 2.823071
v 1.504837 0.075887 2.931598
v 1.586402 0.075887 2.921320
v 1.654287 0.148497 2.947086
v 1.763059 4.133806 2.620639
v 1.886551 3.985086 2.717618
v 1.880575 3.734499 2.783658
v 1.815710 2.832266 2.648323
v 1.651837 2.860029 2.531209
v 1.368707 1.366374 2.076406
v 1.451865 0.455489 2.312155
v 1.679733 0.001310 2.583239
v 1.801912 -0.005420 2.668615
v 1.853725 0.071035 2.732107
v 2.087533 4.133806 2.474839
v 2.145993 3.985086 2.620572
v 2.107794 3.734499 2.674776
v 2.119288 2.832266 2.525141
v 2.035926 2.860029 2.341780
v 2.018132 1.366374 1.806343
v 1.972273 0.455489 2.052085
v 2.034068 0.001310 2.400788
v 2.097192 -0.005420 2.535814
v 2.110316 0.071035 2.616706
v 2.441433 4.133806 2.510807
v 2.419194 3.985086 2.666247
v 2.359011 3.734499 2.694089
v 2.443784 2.832266 2.570250
v 2.463272 2.860029 2.369773
v 2.715577 1.366374 1.897173
v 2.552994 0.455489 2.087066
v 2.432163 0.001310 2.419946
v 2.419313 -0.005420 2.568445
v 2.390233 0.071035 2.645061
v 2.729937 4.133806 2.718912
v 2.632958 3.985086 2.842404
v 2.566918 3.734499 2.836427
v 2.702253 2.832266 2.771563
v 2.819368 2.860029 2.607690
v 3.274170 1.366374 2.324560
v 3.038422 0.455489 2.407718
v 2.767337 0.001310 2.635586
v 2.681961 -0.005420 2.757766
v 2.618469 0.071035 2.809578
v 2.875737 4.133806 3.043386
v 2.730004 3.985086 3.101846
v 2.675800 3.734499 3.063647
v 2.825435 2.832266 3.075142
v 3.008796 2.860029 2.991780
v 3.544233 1.366374 2.973986
v 3.298491 0.455489 2.928127
v 2.949788 0.001310 2.989922
v 2.814762 -0.005420 3.053046
v 2.733870 0.071035 3.066169
v 2.839768 4.133806 3.397286
v 2.684329 3.985086 3.375047
v 2.656487 3.734499 3.314864
v 2.780326 2.832266 3.399637
v 2.980803 2.860029 3.419125
v 3.453402 1.366374 3.671431
v 3.263509 0.455489 3.508848
v 2.930629 0.001310 3.388016
v 2.782130 -0.005420 3.375166
v 2.705515 0.071035 3.346086
v 2.631663 4.133806 3.685790
v 2.508172 3.985086 3.588810
v 2.514148 3.734499 3.522771
v 2.579012 2.832266 3.658106
v 2.742885 2.860029 3.775221
v 3.026014 1.366374 4.230024
v 2.942857 0.455489 3.994275
v 2.714989 0.001310 3.723190
v 2.592810 -0.005420 3.637814
v 2.540998 0.071035 3.574322
v 2.197362 0.062497 3.153214
v 2.307189 4.133806 3.831590
v 2.248730 3.985086 3.685857
v 2.286929 3.734499 3.631653
v 2.275434 2.832266 3.781288
v 2.358795 2.860029 3.964649
v 2.376589 1.366374 4.500085
v 2.422448 0.455489 4.254343
v 2.360654 0.001310 3.905641
v 2.297530 -0.005420 3.770614
v 2.284407 0.071035 3.689722
v 1.953289 4.133806 3.795620
v 1.975528 3.985086 3.640181
v 2.035712 3.734499 3.612339
v 1.950938 2.832266 3.736178
v 1.931450 2.860029 3.936655
v 1.679142 1.366374 4.409253
v 1.841727 0.455489 4.219361
v 1.962559 0.001310 3.886481
v 1.975409 -0.005420 3.737982
v 2.004489 0.071035 3.661367
v 1.664786 4.133806 3.587515
v 1.761763 3.985086 3.464023
v 1.827805 3.734499 3.470000
v 1.692469 2.832266 3.534864
v 1.575354 2.860029 3.698737
v 1.120552 1.366374 3.981866
v 1.356300 0.455489 3.898708
v 1.627385 0.001310 3.670841
v 1.712761 -0.005420 3.548662
v 1.776253 0.071035 3.496850
v 1.518986 4.133806 3.263041
v 1.664719 3.985086 3.204582
v 1.718923 3.734499 3.242781
v 1.569288 2.832266 3.231286
v 1.385927 2.860029 3.314647
v 0.850491 1.366374 3.332440
v 1.096233 0.455489 3.378299
v 1.444932 0.001310 3.316504
v 1.579962 -0.005420 3.253381
v 1.660854 0.071035 3.240258
v 1.554956 4.133806 2.909141
v 1.710395 3.985086 2.931380
v 1.738237 3.734499 2.991564
v 1.614398 2.832266 2.906790
v 1.413921 2.860029 2.887301
v 0.941324 1.366374 2.634993
v 1.131215 0.455489 2.797578
v 1.464095 0.001310 2.918411
v 1.612594 -0.005420 2.931261
v 1.689209 0.071035 2.960341
v 1.683085 2.789808 2.569788
v 2.043698 2.789808 2.390814
v 2.125466 2.756571 2.565485
v 1.841233 2.756571 2.680173
v 1.830107 0.148497 2.703166
v 2.104334 0.148497 2.579834
v 2.092706 0.075887 2.508161
v 1.784200 0.075887 2.646910
v 2.097073 4.194434 2.535080
v 1.801442 4.194434 2.668039
v 1.708423 0.075887 2.615029
v 2.043022 0.075887 2.442663
v 2.403488 0.148497 2.610138
v 2.428963 2.756571 2.608278
v 2.445486 2.789808 2.416125
v 2.429254 0.075887 2.542254
v 2.419577 4.194434 2.567750
v 2.418975 0.075887 2.460689
v 2.647410 0.148497 2.785960
v 2.670403 2.756571 2.797086
v 2.780788 2.789808 2.638938
v 2.703666 0.075887 2.740053
v 2.682538 4.194434 2.757295
v 2.735548 0.075887 2.664277
v 2.907913 0.075887 2.998875
v 2.842415 0.075887 3.048559
v 2.770742 0.148497 3.060187
v 2.785091 2.756571 3.081319
v 2.959762 2.789808 2.999552
v 2.815496 4.194434 3.052926
v 2.782826 4.194434 3.375430
v 2.889887 0.075887 3.374829
v 2.808322 0.075887 3.385107
v 2.740438 0.148497 3.359341
v 2.742298 2.756571 3.384816
v 2.934451 2.789808 3.401339
v 2.711637 2.789808 3.736641
v 2.564615 0.148497 3.603263
v 2.610522 0.075887 3.659519
v 2.593281 4.194434 3.638391
v 2.686299 0.075887 3.691401
v 2.553489 2.756571 3.626256
v 2.269257 2.756571 3.740944
v 2.351024 2.789808 3.915615
v 2.290388 0.148497 3.726595
v 2.302016 0.075887 3.798268
v 2.297649 4.194434 3.771349
v 2.351700 0.075887 3.863766
v 1.991234 0.148497 3.696290
v 1.965759 2.756571 3.698150
v 1.949236 2.789808 3.890303
v 1.965468 0.075887 3.764174
v 1.975146 4.194434 3.738678
v 1.975747 0.075887 3.845739
v 1.747312 0.148497 3.520468
v 1.724320 2.756571 3.509341
v 1.613934 2.789808 3.667489
v 1.691056 0.075887 3.566374
v 1.712185 4.194434 3.549133
v 1.659175 0.075887 3.642151
v 1.486810 0.075887 3.307552
v 1.552308 0.075887 3.257868
v 1.623981 0.148497 3.246240
v 1.609632 2.756571 3.225108
v 1.434961 2.789808 3.306875
v 1.579227 4.194434 3.253501
v 1.654287 0.148497 2.947086
v 1.586402 0.075887 2.921320
v 1.611898 4.194434 2.930998
v 1.504837 0.075887 2.931598
v 1.652426 2.756571 2.921611
v 1.460273 2.789808 2.905088
v 1.651837 2.860029 2.531209
v 2.035926 2.860029 2.341780
v 2.119288 2.832266 2.525141
v 1.815710 2.832266 2.648323
v 2.097192 -0.005420 2.535814
v 1.801912 -0.005420 2.668615
v 2.087533 4.133806 2.474839
v 1.763059 4.133806 2.620639
v 1.679733 0.001310 2.583239
v 2.034068 0.001310 2.400788
v 2.443784 2.832266 2.570250
v 2.463272 2.860029 2.369773
v 2.419313 -0.005420 2.568445
v 2.441433 4.133806 2.510807
v 2.432163 0.001310 2.419946
v 2.702253 2.832266 2.771563
v 2.819368 2.860029 2.607690
v 2.681961 -0.005420 2.757766
v 2.729937 4.133806 2.718912
v 2.767337 0.001310 2.635586
v 2.949788 0.001310 2.989922
v 2.814762 -0.005420 3.053046
v 2.825435 2.832266 3.075142
v 3.008796 2.860029 2.991780
v 2.875737 4.133806 3.043386
v 2.839768 4.133806 3.397286
v 2.930629 0.001310 3.388016
v 2.782130 -0.005420 3.375166
v 2.780326 2.832266 3.399637
v 2.980803 2.860029 3.419125
v 2.742885 2.860029 3.775221
v 2.592810 -0.005420 3.637814
v 2.631663 4.133806 3.685790
v 2.714989 0.001310 3.723190
v 2.579012 2.832266 3.658106
v 2.275434 2.832266 3.781288
v 2.358795 2.860029 3.964649
v 2.297530 -0.005420 3.770614
v 2.307189 4.133806 3.831590
v 2.360654 0.001310 3.905641
v 1.950938 2.832266 3.736178
v 1.931450 2.860029 3.936655
v 1.975409 -0.005420 3.737982
v 1.953289 4.133806 3.795620
v 1.962559 0.001310 3.886481
v 1.692469 2.832266 3.534864
v 1.575354 2.860029 3.698737
v 1.712761 -0.005420 3.548662
v 1.664786 4.133806 3.587515
v 1.627385 0.001310 3.670841
v 1.444932 0.001310 3.316504
v 1.579962 -0.005420 3.253381
v 1.569288 2.832266 3.231286
v 1.385927 2.860029 3.314647
v 1.518986 4.133806 3.263041
v 1.612594 -0.005420 2.931261
v 1.554956 4.133806 2.909141
v 1.464095 0.001310 2.918411
v 1.614398 2.832266 2.906790
v 1.413921 2.860029 2.887301
vn 0.9343 0.0038 0.3563
vn 0.9118 -0.1920 0.3629
vn 0.6082 -0.1920 0.7702
vn 0.6310 0.0038 0.7757
vn -0.1621 -0.9843 -0.0692
vn -0.1679 -0.9843 -0.0538
vn -0.1185 -0.9843 -0.1306
vn -0.1058 -0.9843 -0.1410
vn 0.8848 -0.3280 0.3309
vn 0.9303 -0.0379 0.3648
vn 0.6232 -0.0379 0.7811
vn 0.6008 -0.3280 0.7290
vn -0.6611 0.7071 -0.2509
vn -0.4470 0.7071 -0.5478
vn 0.6621 0.7050 0.2542
vn 0.7973 0.4929 0.3483
vn 0.5163 0.4929 0.7003
vn 0.4463 0.7050 0.5512
vn 0.8545 0.4265 0.2964
vn 0.7552 0.6082 0.2444
vn 0.5318 0.6082 0.5892
vn 0.5918 0.4265 0.6840
vn 0.0000 1.0000 0.0000
vn -0.0374 -0.9843 -0.1723
vn -0.0211 -0.9843 -0.1750
vn 0.1492 -0.0379 0.9881
vn 0.1559 -0.3280 0.9317
vn -0.1132 0.7071 -0.6980
vn 0.0970 0.4929 0.8646
vn 0.1109 0.7050 0.7005
vn 0.1659 0.6082 0.7762
vn 0.1705 0.4265 0.8882
vn 0.1586 0.0038 0.9873
vn 0.1416 -0.1920 0.9711
vn -0.3629 -0.1920 0.9118
vn -0.3563 0.0038 0.9343
vn 0.0538 -0.9843 -0.1679
vn 0.0692 -0.9843 -0.1621
vn -0.3648 -0.0379 0.9303
vn -0.3309 -0.3280 0.8848
vn 0.2509 0.7071 -0.6611
vn -0.3483 0.4929 0.7973
vn -0.2542 0.7050 0.6621
vn -0.2444 0.6082 0.7552
vn -0.2964 0.4265 0.8545
vn -0.7757 0.0038 0.6310
vn -0.7003 0.4929 0.5163
vn -0.6840 0.4265 0.5918
vn -0.7811 -0.0379 0.6232
vn -0.7702 -0.1920 0.6082
vn 0.1306 -0.9843 -0.1185
vn 0.1410 -0.9843 -0.1058
vn -0.7290 -0.3280 0.6008
vn 0.5478 0.7071 -0.4470
vn -0.5512 0.7050 0.4463
vn -0.5892 0.6082 0.5318
vn -0.7762 0.6082 0.1659
vn -0.8882 0.4265 0.1705
vn -0.9873 0.0038 0.1586
vn -0.8646 0.4929 0.0970
vn -0.9881 -0.0379 0.1492
vn -0.9711 -0.1920 0.1416
vn 0.1723 -0.9843 -0.0374
vn 0.1750 -0.9843 -0.0211
vn -0.9317 -0.3280 0.1559
vn 0.6980 0.7071 -0.1132
vn -0.7005 0.7050 0.1109
vn -0.7973 0.4929 -0.3483
vn -0.6621 0.7050 -0.2542
vn -0.7552 0.6082 -0.2444
vn -0.8545 0.4265 -0.2964
vn -0.9343 0.0038 -0.3563
vn -0.9303 -0.0379 -0.3648
vn -0.9118 -0.1920 -0.3629
vn 0.1679 -0.9843 0.0538
vn 0.1621 -0.9843 0.0692
vn -0.8848 -0.3280 -0.3309
vn 0.6611 0.7071 0.2509
vn -0.6232 -0.0379 -0.7811
vn -0.6008 -0.3280 -0.7290
vn 0.4470 0.7071 0.5478
vn -0.5163 0.4929 -0.7003
vn -0.4463 0.7050 -0.5512
vn -0.5318 0.6082 -0.5892
vn -0.5918 0.4265 -0.6840
vn -0.6310 0.0038 -0.7757
vn -0.6082 -0.1920 -0.7702
vn 0.1185 -0.9843 0.1306
vn 0.1058 -0.9843 0.1410
vn -0.1416 -0.1920 -0.9711
vn -0.1586 0.0038 -0.9873
vn 0.0374 -0.9843 0.1723
vn 0.0211 -0.9843 0.1750
vn -0.1492 -0.0379 -0.9881
vn -0.1559 -0.3280 -0.9317
vn 0.1132 0.7071 0.6980
vn -0.0970 0.4929 -0.8646
vn -0.1109 0.7050 -0.7005
vn -0.1659 0.6082 -0.7762
vn -0.1705 0.4265 -0.8882
vn 0.2964 0.4265 -0.8545
vn 0.3648 -0.0379 -0.9303
vn 0.3629 -0.1920 -0.9118
vn 0.3563 0.0038 -0.9343
vn -0.0538 -0.9843 0.1679
vn -0.0692 -0.9843 0.1621
vn 0.3309 -0.3280 -0.8848
vn -0.2509 0.7071 0.6611
vn 0.3483 0.4929 -0.7973
vn 0.2542 0.7050 -0.6621
vn 0.2444 0.6082 -0.7552
vn 0.7757 0.0038 -0.6310
vn 0.7003 0.4929 -0.5163
vn 0.6840 0.4265 -0.5918
vn 0.7811 -0.0379 -0.6232
vn 0.7702 -0.1920 -0.6082
vn -0.1306 -0.9843 0.1185
vn -0.1410 -0.9843 0.1058
vn 0.7290 -0.3280 -0.6008
vn -0.5478 0.7071 0.4470
vn 0.5512 0.7050 -0.4463
vn 0.5892 0.6082 -0.5318
vn 0.7762 0.6082 -0.1659
vn 0.8882 0.4265 -0.1705
vn 0.9873 0.0038 -0.1586
vn 0.8646 0.4929 -0.0970
vn 0.9881 -0.0379 -0.1492
vn 0.9711 -0.1920 -0.1416
vn -0.1723 -0.9843 0.0374
vn -0.1750 -0.9843 0.0211
vn 0.9317 -0.3280 -0.1559
vn -0.6980 0.7071 0.1132
vn 0.7005 0.7050 -0.1109
vn -0.9354 -0.0154 -0.3532
vn -0.6335 -0.0154 -0.7736
vn -0.6117 0.1600 -0.7747
vn -0.9171 0.1600 -0.3650
vn 0.1301 0.9899 0.0554
vn 0.0849 0.9899 0.1130
vn 0.0948 0.9899 0.1049
vn 0.1346 0.9899 0.0434
vn -0.8822 0.3353 -0.3305
vn -0.5987 0.3353 -0.7273
vn -0.6233 0.0428 -0.7808
vn -0.9302 0.0428 -0.3645
vn 0.6377 -0.7312 0.2420
vn 0.4313 -0.7312 0.5285
vn 0.2599 -0.9116 0.3184
vn 0.3843 -0.9116 0.1458
vn -0.6541 -0.7150 -0.2468
vn -0.4430 -0.7150 -0.5408
vn -0.5114 -0.4957 -0.7019
vn -0.7938 -0.4957 -0.3521
vn -0.8535 -0.4287 -0.2962
vn -0.5910 -0.4287 -0.6833
vn -0.5282 -0.6147 -0.5858
vn -0.7503 -0.6147 -0.2432
vn -0.0446 -0.9989 -0.0132
vn -0.0320 -0.9989 -0.0338
vn -0.0290 -0.9989 -0.0364
vn -0.0433 -0.9989 -0.0170
vn 0.0000 -1.0000 0.0000
vn 0.0171 0.9899 0.1404
vn 0.0297 0.9899 0.1382
vn -0.1549 0.3353 -0.9293
vn -0.1494 0.0428 -0.9879
vn 0.1092 -0.7312 0.6734
vn 0.0658 -0.9116 0.4057
vn -0.1133 -0.7150 -0.6899
vn -0.0920 -0.4957 -0.8636
vn -0.1702 -0.4287 -0.8872
vn -0.1645 -0.6147 -0.7714
vn -0.0109 -0.9989 -0.0453
vn -0.0069 -0.9989 -0.0460
vn -0.1618 -0.0154 -0.9867
vn -0.1425 0.1600 -0.9768
vn -0.1458 -0.9116 0.3843
vn 0.3532 -0.0154 -0.9354
vn 0.3650 0.1600 -0.9171
vn -0.0554 0.9899 0.1301
vn -0.0434 0.9899 0.1346
vn 0.3305 0.3353 -0.8822
vn 0.3645 0.0428 -0.9302
vn -0.2420 -0.7312 0.6378
vn 0.2468 -0.7150 -0.6541
vn 0.3521 -0.4957 -0.7938
vn 0.2962 -0.4287 -0.8535
vn 0.2432 -0.6147 -0.7503
vn 0.0132 -0.9989 -0.0446
vn 0.0170 -0.9989 -0.0433
vn 0.7019 -0.4957 -0.5114
vn 0.7736 -0.0154 -0.6335
vn 0.7808 0.0428 -0.6233
vn 0.6833 -0.4287 -0.5910
vn -0.3184 -0.9116 0.2599
vn 0.7747 0.1600 -0.6117
vn -0.1130 0.9899 0.0850
vn -0.1049 0.9899 0.0948
vn 0.7273 0.3353 -0.5987
vn -0.5285 -0.7312 0.4313
vn 0.5408 -0.7150 -0.4430
vn 0.5858 -0.6147 -0.5282
vn 0.0338 -0.9989 -0.0320
vn 0.0364 -0.9989 -0.0290
vn 0.8872 -0.4287 -0.1702
vn 0.7714 -0.6147 -0.1645
vn 0.0453 -0.9989 -0.0109
vn 0.0460 -0.9989 -0.0069
vn 0.8636 -0.4957 -0.0920
vn 0.9867 -0.0154 -0.1618
vn 0.9879 0.0428 -0.1494
vn -0.4057 -0.9116 0.0658
vn 0.9768 0.1600 -0.1425
vn -0.1404 0.9899 0.0171
vn -0.1382 0.9899 0.0297
vn 0.9293 0.3353 -0.1549
vn -0.6734 -0.7312 0.1092
vn 0.6899 -0.7150 -0.1133
vn 0.6541 -0.7150 0.2468
vn 0.7938 -0.4957 0.3521
vn 0.8535 -0.4287 0.2962
vn 0.7503 -0.6147 0.2432
vn 0.0446 -0.9989 0.0132
vn 0.0433 -0.9989 0.0170
vn 0.9354 -0.0154 0.3532
vn 0.9302 0.0428 0.3645
vn -0.3843 -0.9116 -0.1458
vn 0.9171 0.1600 0.3650
vn -0.1301 0.9899 -0.0554
vn -0.1346 0.9899 -0.0434
vn 0.8822 0.3353 0.3305
vn -0.6377 -0.7312 -0.2420
vn 0.5987 0.3353 0.7273
vn 0.6233 0.0428 0.7808
vn -0.4313 -0.7312 -0.5285
vn -0.2599 -0.9116 -0.3184
vn 0.4430 -0.7150 0.5408
vn 0.5114 -0.4957 0.7019
vn 0.5910 -0.4287 0.6833
vn 0.5282 -0.6147 0.5858
vn 0.0320 -0.9989 0.0338
vn 0.0290 -0.9989 0.0364
vn 0.6335 -0.0154 0.7736
vn 0.6117 0.1600 0.7747
vn -0.0849 0.9899 -0.1130
vn -0.0948 0.9899 -0.1049
vn 0.1618 -0.0154 0.9867
vn 0.1425 0.1600 0.9768
vn -0.0171 0.9899 -0.1404
vn -0.0297 0.9899 -0.1382
vn 0.1549 0.3353 0.9293
vn 0.1494 0.0428 0.9879
vn -0.1092 -0.7312 -0.6734
vn -0.0658 -0.9116 -0.4057
vn 0.1133 -0.7150 0.6899
vn 0.0920 -0.4957 0.8636
vn 0.1702 -0.4287 0.8872
vn 0.1645 -0.6147 0.7714
vn 0.0109 -0.9989 0.0453
vn 0.0069 -0.9989 0.0460
vn -0.3645 0.0428 0.9302
vn -0.2962 -0.4287 0.8535
vn 0.1458 -0.9116 -0.3843
vn -0.3532 -0.0154 0.9354
vn -0.3650 0.1600 0.9171
vn 0.0554 0.9899 -0.1301
vn 0.0434 0.9899 -0.1346
vn -0.3305 0.3353 0.8822
vn 0.2420 -0.7312 -0.6377
vn -0.2468 -0.7150 0.6541
vn -0.3521 -0.4957 0.7938
vn -0.2432 -0.6147 0.7503
vn -0.0132 -0.9989 0.0446
vn -0.0170 -0.9989 0.0433
vn -0.7019 -0.4957 0.5114
vn -0.7736 -0.0154 0.6335
vn -0.7808 0.0428 0.6233
vn -0.6833 -0.4287 0.5910
vn 0.3184 -0.9116 -0.2599
vn -0.7747 0.1600 0.6117
vn 0.1130 0.9899 -0.0849
vn 0.1049 0.9899 -0.0948
vn -0.7273 0.3353 0.5987
vn 0.5285 -0.7312 -0.4313
vn -0.5408 -0.7150 0.4430
vn -0.5858 -0.6147 0.5282
vn -0.0338 -0.9989 0.0320
vn -0.0364 -0.9989 0.0290
vn -0.8872 -0.4287 0.1702
vn -0.7714 -0.6147 0.1645
vn -0.0453 -0.9989 0.0109
vn -0.0460 -0.9989 0.0069
vn -0.8636 -0.4957 0.0920
vn -0.9867 -0.0154 0.1618
vn -0.9879 0.0428 0.1494
vn 0.4057 -0.9116 -0.0658
vn -0.9768 0.1600 0.1425
vn 0.1404 0.9899 -0.0171
vn 0.1382 0.9899 -0.0297
vn -0.9293 0.3353 0.1549
vn 0.6734 -0.7312 -0.1092
vn -0.6899 -0.7150 0.1133
vn -0.4458 0.7092 -0.5461
vn -0.1130 0.7092 -0.6959
vn -0.1125 0.7092 -0.6959
vn -0.4454 0.7092 -0.5465
vn 0.2500 0.7092 -0.6591
vn 0.2506 0.7092 -0.6589
vn 0.5461 0.7092 -0.4458
vn 0.5465 0.7092 -0.4454
vn 0.6959 0.7092 -0.1130
vn 0.6959 0.7092 -0.1124
vn 0.6591 0.7092 0.2500
vn 0.6589 0.7092 0.2506
vn 0.4458 0.7092 0.5461
vn 0.4454 0.7092 0.5465
vn 0.1130 0.7092 0.6959
vn 0.1124 0.7092 0.6959
vn -0.2500 0.7092 0.6591
vn -0.2506 0.7092 0.6589
vn -0.5461 0.7092 0.4458
vn -0.5465 0.7092 0.4454
vn -0.6959 0.7092 0.1130
vn -0.6959 0.7092 0.1124
vn -0.6591 0.7092 -0.2500
vn -0.6589 0.7092 -0.2506
usemtl Material.002
s 1
f 114//1 115//2 4//3 3//4
f 313//5 116//6 5//7 246//8
f 314//9 117//10 6//11 243//12
f 310//13 309//13 247//14 250//14
f 311//15 113//16 2//17 252//18
f 118//19 312//20 253//21 7//22
f 119//23 120//23 9//23 8//23
f 113//16 114//1 3//4 2//17
f 117//10 118//19 7//22 6//11
f 121//23 71//23 10//23
f 246//8 5//7 15//24 245//25
f 243//12 6//11 16//26 244//27
f 250//14 247//14 248//28 249//28
f 252//18 2//17 12//29 251//30
f 7//22 253//21 254//31 17//32
f 8//23 9//23 19//23 18//23
f 2//17 3//4 13//33 12//29
f 6//11 7//22 17//32 16//26
f 10//23 71//23 20//23
f 3//4 4//3 14//34 13//33
f 20//23 71//23 30//23
f 13//33 14//34 24//35 23//36
f 245//25 15//24 25//37 256//38
f 244//27 16//26 26//39 257//40
f 249//28 248//28 255//41 258//41
f 251//30 12//29 22//42 259//43
f 17//32 254//31 260//44 27//45
f 18//23 19//23 29//23 28//23
f 12//29 13//33 23//36 22//42
f 16//26 17//32 27//45 26//39
f 22//42 23//36 33//46 32//47
f 26//39 27//45 37//48 36//49
f 30//23 71//23 40//23
f 23//36 24//35 34//50 33//46
f 256//38 25//37 35//51 262//52
f 257//40 26//39 36//49 263//53
f 258//41 255//41 261//54 264//54
f 259//43 22//42 32//47 265//55
f 27//45 260//44 266//56 37//48
f 28//23 29//23 39//23 38//23
f 37//48 266//56 267//57 47//58
f 38//23 39//23 49//23 48//23
f 32//47 33//46 43//59 42//60
f 36//49 37//48 47//58 46//61
f 40//23 71//23 50//23
f 33//46 34//50 44//62 43//59
f 262//52 35//51 45//63 270//64
f 263//53 36//49 46//61 271//65
f 264//54 261//54 269//66 268//66
f 265//55 32//47 42//60 272//67
f 272//67 42//60 52//68 273//69
f 47//58 267//57 274//70 57//71
f 48//23 49//23 59//23 58//23
f 42//60 43//59 53//72 52//68
f 46//61 47//58 57//71 56//73
f 50//23 71//23 60//23
f 43//59 44//62 54//74 53//72
f 270//64 45//63 55//75 277//76
f 271//65 46//61 56//73 278//77
f 268//66 269//66 276//78 275//78
f 278//77 56//73 66//79 279//80
f 275//78 276//78 70//81 281//81
f 273//69 52//68 62//82 282//83
f 57//71 274//70 283//84 67//85
f 58//23 59//23 69//23 68//23
f 52//68 53//72 63//86 62//82
f 56//73 57//71 67//85 66//79
f 60//23 71//23 280//23
f 53//72 54//74 64//87 63//86
f 277//76 55//75 65//88 284//89
f 63//86 64//87 75//90 74//91
f 284//89 65//88 76//92 285//93
f 279//80 66//79 77//94 286//95
f 281//81 70//81 287//96 288//96
f 282//83 62//82 73//97 289//98
f 67//85 283//84 290//99 78//100
f 68//23 69//23 80//23 79//23
f 62//82 63//86 74//91 73//97
f 66//79 67//85 78//100 77//94
f 280//23 71//23 81//23
f 77//94 78//100 88//101 87//102
f 81//23 71//23 91//23
f 74//91 75//90 85//103 84//104
f 285//93 76//92 86//105 292//106
f 286//95 77//94 87//102 293//107
f 288//96 287//96 291//108 294//108
f 289//98 73//97 83//109 295//110
f 78//100 290//99 296//111 88//101
f 79//23 80//23 90//23 89//23
f 73//97 74//91 84//104 83//109
f 83//109 84//104 94//112 93//113
f 87//102 88//101 98//114 97//115
f 91//23 71//23 101//23
f 84//104 85//103 95//116 94//112
f 292//106 86//105 96//117 298//118
f 293//107 87//102 97//115 299//119
f 294//108 291//108 297//120 300//120
f 295//110 83//109 93//113 301//121
f 88//101 296//111 302//122 98//114
f 89//23 90//23 100//23 99//23
f 98//114 302//122 303//123 108//124
f 99//23 100//23 110//23 109//23
f 93//113 94//112 104//125 103//126
f 97//115 98//114 108//124 107//127
f 101//23 71//23 111//23
f 94//112 95//116 105//128 104//125
f 298//118 96//117 106//129 306//130
f 299//119 97//115 107//127 307//131
f 300//120 297//120 305//132 304//132
f 301//121 93//113 103//126 308//133
f 304//132 305//132 309//13 310//13
f 308//133 103//126 113//16 311//15
f 108//124 303//123 312//20 118//19
f 109//23 110//23 120//23 119//23
f 103//126 104//125 114//1 113//16
f 107//127 108//124 118//19 117//10
f 111//23 71//23 121//23
f 104//125 105//128 115//2 114//1
f 306//130 106//129 116//6 313//5
f 307//131 107//127 117//10 314//9
f 235//134 124//135 125//136 236//137
f 373//138 318//139 126//140 237//141
f 374//142 315//143 127//144 238//145
f 370//146 320//147 131//148 242//149
f 371//150 322//151 123//152 234//153
f 239//154 128//155 323//156 372//157
f 240//158 129//159 130//160 241//161
f 234//153 123//152 124//135 235//134
f 238//145 127//144 128//155 239//154
f 242//149 131//148 192//162
f 318//139 317//163 136//164 126//140
f 315//143 316//165 137//166 127//144
f 320//147 319//167 141//168 131//148
f 322//151 321//169 133//170 123//152
f 128//155 138//171 324//172 323//156
f 129//159 139//173 140//174 130//160
f 123//152 133//170 134//175 124//135
f 127//144 137//166 138//171 128//155
f 131//148 141//168 192//162
f 124//135 134//175 135//176 125//136
f 141//168 151//177 192//162
f 134//175 144//178 145//179 135//176
f 317//163 325//180 146//181 136//164
f 316//165 326//182 147//183 137//166
f 319//167 327//184 151//177 141//168
f 321//169 328//185 143//186 133//170
f 138//171 148//187 329//188 324//172
f 139//173 149//189 150//190 140//174
f 133//170 143//186 144//178 134//175
f 137//166 147//183 148//187 138//171
f 143//186 153//191 154//192 144//178
f 147//183 157//193 158//194 148//187
f 151//177 161//195 192//162
f 144//178 154//192 155//196 145//179
f 325//180 330//197 156//198 146//181
f 326//182 331//199 157//193 147//183
f 327//184 332//200 161//195 151//177
f 328//185 333//201 153//191 143//186
f 148//187 158//194 334//202 329//188
f 149//189 159//203 160//204 150//190
f 158//194 168//205 335//206 334//202
f 159//203 169//207 170//208 160//204
f 153//191 163//209 164//210 154//192
f 157//193 167//211 168//205 158//194
f 161//195 171//212 192//162
f 154//192 164//210 165//213 155//196
f 330//197 337//214 166//215 156//198
f 331//199 338//216 167//211 157//193
f 332//200 336//217 171//212 161//195
f 333//201 339//218 163//209 153//191
f 339//218 340//219 173//220 163//209
f 168//205 178//221 341//222 335//206
f 169//207 179//223 180//224 170//208
f 163//209 173//220 174//225 164//210
f 167//211 177//226 178//221 168//205
f 171//212 181//227 192//162
f 164//210 174//225 175//228 165//213
f 337//214 343//229 176//230 166//215
f 338//216 344//231 177//226 167//211
f 336//217 342//232 181//227 171//212
f 344//231 345//233 187//234 177//226
f 342//232 346//235 191//236 181//227
f 340//219 347//237 183//238 173//220
f 178//221 188//239 348//240 341//222
f 179//223 189//241 190//242 180//224
f 173//220 183//238 184//243 174//225
f 177//226 187//234 188//239 178//221
f 181//227 191//236 192//162
f 174//225 184//243 185//244 175//228
f 343//229 349//245 186//246 176//230
f 184//243 195//247 196//248 185//244
f 349//245 350//249 197//250 186//246
f 345//233 351//251 198//252 187//234
f 346//235 352//253 202//254 191//236
f 347//237 353//255 194//256 183//238
f 188//239 199//257 354//258 348//240
f 189//241 200//259 201//260 190//242
f 183//238 194//256 195//247 184//243
f 187//234 198//252 199//257 188//239
f 191//236 202//254 192//162
f 198//252 208//261 209//262 199//257
f 202//254 212//263 192//162
f 195//247 205//264 206//265 196//248
f 350//249 355//266 207//267 197//250
f 351//251 356//268 208//261 198//252
f 352//253 357//269 212//263 202//254
f 353//255 358//270 204//271 194//256
f 199//257 209//262 359//272 354//258
f 200//259 210//273 211//274 201//260
f 194//256 204//271 205//264 195//247
f 204//271 214//275 215//276 205//264
f 208//261 218//277 219//278 209//262
f 212//263 222//279 192//162
f 205//264 215//276 216//280 206//265
f 355//266 360//281 217//282 207//267
f 356//268 361//283 218//277 208//261
f 357//269 362//284 222//279 212//263
f 358//270 363//285 214//275 204//271
f 209//262 219//278 364//286 359//272
f 210//273 220//287 221//288 211//274
f 219//278 229//289 365//290 364//286
f 220//287 230//291 231//292 221//288
f 214//275 224//293 225//294 215//276
f 218//277 228//295 229//289 219//278
f 222//279 232//296 192//162
f 215//276 225//294 226//297 216//280
f 360//281 367//298 227//299 217//282
f 361//283 368//300 228//295 218//277
f 362//284 366//301 232//296 222//279
f 363//285 369//302 224//293 214//275
f 366//301 370//146 242//149 232//296
f 369//302 371//150 234//153 224//293
f 229//289 239//154 372//157 365//290
f 230//291 240//158 241//161 231//292
f 224//293 234//153 235//134 225//294
f 228//295 238//145 239//154 229//289
f 232//296 242//149 192//162
f 225//294 235//134 236//137 226//297
f 367//298 373//138 237//141 227//299
f 368//300 374//142 238//145 228//295
f 1//303 11//304 132//305 122//306
f 11//304 21//307 142//308 132//305
f 21//307 31//309 152//310 142//308
f 31//309 41//311 162//312 152//310
f 41//311 51//313 172//314 162//312
f 51//313 61//315 182//316 172//314
f 61//315 72//317 193//318 182//316
f 72//317 82//319 203//320 193//318
f 82//319 92//321 213//322 203//320
f 92//321 102//323 223//324 213//322
f 102//323 112//325 233//326 223//324
f 112//325 1//303 122//306 233//326
o vase.193_vase.1295
v 1.023395 3.718878 -1.424774
v 1.104861 3.549655 -1.573778
v 1.259359 3.147868 -1.767375
v 1.199144 2.709618 -1.724091
v 0.910702 1.736206 -1.238568
v 0.879113 1.462113 -1.097254
v 0.920428 0.394410 -1.308157
v 1.298354 0.077189 -1.807338
v 1.305263 0.077189 -1.851054
v 1.327478 0.117465 -1.884650
v 0.723624 3.718878 -1.763293
v 0.868677 3.549655 -1.851600
v 1.099274 3.147868 -1.942011
v 1.025485 2.709618 -1.934634
v 0.532925 1.736206 -1.658380
v 0.434911 1.462113 -1.551793
v 0.576143 0.394410 -1.713783
v 1.153027 0.077189 -1.957123
v 1.180868 0.077189 -1.991527
v 1.216904 0.117465 -2.009515
v 0.633273 3.718878 -2.206344
v 0.803047 3.549655 -2.210294
v 1.047955 3.147868 -2.173294
v 0.980363 2.709618 -2.203799
v 0.415667 1.736206 -2.210836
v 0.277491 1.462113 -2.167536
v 0.480796 0.394410 -2.237208
v 1.102062 0.077189 -2.159504
v 1.143376 0.077189 -2.175379
v 1.183578 0.117465 -2.172938
v 0.776553 3.718878 -2.635213
v 0.925556 3.549655 -2.553747
v 1.119153 3.147868 -2.399249
v 1.075869 2.709618 -2.459464
v 0.590347 1.736206 -2.747906
v 0.449033 1.462113 -2.779496
v 0.659936 0.394410 -2.738181
v 1.159116 0.077189 -2.360254
v 1.202832 0.077189 -2.353344
v 1.236428 0.117465 -2.331130
v 1.505193 0.117465 -2.153415
v 1.115072 3.718878 -2.934984
v 1.203379 3.549655 -2.789931
v 1.293790 3.147868 -2.559334
v 1.286413 2.709618 -2.633123
v 1.010159 1.736206 -3.125683
v 0.903572 1.462113 -3.223697
v 1.065562 0.394410 -3.082465
v 1.308901 0.077189 -2.505581
v 1.343306 0.077189 -2.477739
v 1.361293 0.117465 -2.441703
v 1.558123 3.718878 -3.025334
v 1.562073 3.549655 -2.855561
v 1.525072 3.147868 -2.610652
v 1.555578 2.709618 -2.678244
v 1.562616 1.736206 -3.242940
v 1.519316 1.462113 -3.381116
v 1.588987 0.394410 -3.177811
v 1.511282 0.077189 -2.556545
v 1.527157 0.077189 -2.515231
v 1.524716 0.117465 -2.475029
v 1.986992 3.718878 -2.882054
v 1.905525 3.549655 -2.733051
v 1.751028 3.147868 -2.539454
v 1.811243 2.709618 -2.582738
v 2.099685 1.736206 -3.068260
v 2.131275 1.462113 -3.209574
v 2.089959 0.394410 -2.998671
v 1.712032 0.077189 -2.499491
v 1.705123 0.077189 -2.455775
v 1.682908 0.117465 -2.422179
v 2.286763 3.718878 -2.543535
v 2.141709 3.549655 -2.455228
v 1.911112 3.147868 -2.364817
v 1.984901 2.709618 -2.372194
v 2.477461 1.736206 -2.648447
v 2.575475 1.462113 -2.755034
v 2.434244 0.394410 -2.593044
v 1.857359 0.077189 -2.349706
v 1.829517 0.077189 -2.315301
v 1.793481 0.117465 -2.297314
v 2.377112 3.718878 -2.100484
v 2.207339 3.549655 -2.096534
v 1.962430 3.147868 -2.133535
v 2.030022 2.709618 -2.103029
v 2.594718 1.736206 -2.095991
v 2.732894 1.462113 -2.139291
v 2.529589 0.394410 -2.069619
v 1.908323 0.077189 -2.147325
v 1.867009 0.077189 -2.131450
v 1.826807 0.117465 -2.133891
v 2.233831 3.718878 -1.671615
v 2.084828 3.549655 -1.753081
v 1.891232 3.147868 -1.907579
v 1.934515 2.709618 -1.847364
v 2.420037 1.736206 -1.558921
v 2.561351 1.462113 -1.527332
v 2.350448 0.394410 -1.568647
v 1.851269 0.077189 -1.946575
v 1.807553 0.077189 -1.953484
v 1.773957 0.117465 -1.975699
v 1.895312 3.718878 -1.371844
v 1.807005 3.549655 -1.516898
v 1.716595 3.147868 -1.747495
v 1.723972 2.709618 -1.673706
v 2.000224 1.736206 -1.181146
v 2.106811 1.462113 -1.083131
v 1.944821 0.394410 -1.224363
v 1.701483 0.077189 -1.801248
v 1.667079 0.077189 -1.829090
v 1.649092 0.117465 -1.865126
v 1.452261 3.718878 -1.281495
v 1.448311 3.549655 -1.451269
v 1.485312 3.147868 -1.696177
v 1.454806 2.709618 -1.628585
v 1.447768 1.736206 -1.063890
v 1.491067 1.462113 -0.925713
v 1.421396 0.394410 -1.129018
v 1.499102 0.077189 -1.750284
v 1.483228 0.077189 -1.791598
v 1.485668 0.117465 -1.831800
v 0.989956 3.658095 -1.373953
v 1.067090 3.495570 -1.518607
v 1.213030 3.130037 -1.697152
v 1.153532 2.739252 -1.657480
v 0.868970 1.776790 -1.175269
v 0.835062 1.473433 -1.024266
v 0.881387 0.345645 -1.249051
v 1.285845 -0.005648 -1.787911
v 1.320715 -0.004118 -1.874422
v 1.348080 0.040003 -1.915809
v 0.669252 3.658095 -1.736000
v 0.808382 3.495570 -1.822708
v 1.024040 3.130037 -1.904360
v 0.952678 2.739252 -1.899757
v 0.465134 1.776790 -1.624427
v 0.360268 1.473433 -1.510612
v 0.512779 0.345645 -1.682117
v 1.132481 -0.005648 -1.946553
v 1.205934 -0.004118 -2.004039
v 1.250327 0.040003 -2.026197
v 0.572541 3.658095 -2.209894
v 0.736381 3.495570 -2.215419
v 0.963976 3.130037 -2.178305
v 0.899871 2.739252 -2.209995
v 0.339981 1.776790 -2.215328
v 0.192256 1.473433 -2.169195
v 0.410089 0.345645 -2.241469
v 1.078984 -0.005648 -2.160626
v 1.171340 -0.004118 -2.173681
v 1.220862 0.040003 -2.170675
v 0.725731 3.658095 -2.668652
v 0.870386 3.495570 -2.591518
v 1.048930 3.130037 -2.445578
v 1.009258 2.739252 -2.505076
v 0.527048 1.776790 -2.789639
v 0.376045 1.473433 -2.823546
v 0.600830 0.345645 -2.777221
v 1.139690 -0.005648 -2.372763
v 1.226201 -0.004118 -2.337893
v 1.267588 0.040003 -2.310528
v 1.505193 0.031466 -2.153415
v 1.087779 3.658095 -2.989356
v 1.174487 3.495570 -2.850226
v 1.256139 3.130037 -2.634567
v 1.251536 2.739252 -2.705930
v 0.976206 1.776790 -3.193474
v 0.862391 1.473433 -3.298340
v 1.033895 0.345645 -3.145829
v 1.298332 -0.005648 -2.526127
v 1.355818 -0.004118 -2.452673
v 1.377975 0.040003 -2.408280
v 1.561673 3.658095 -3.086066
v 1.567198 3.495570 -2.922226
v 1.530083 3.130037 -2.694632
v 1.561774 2.739252 -2.758736
v 1.567107 1.776790 -3.318626
v 1.520974 1.473433 -3.466351
v 1.593248 0.345645 -3.248518
v 1.512405 -0.005648 -2.579624
v 1.525460 -0.004118 -2.487268
v 1.522453 0.040003 -2.437745
v 2.020431 3.658095 -2.932875
v 1.943296 3.495570 -2.788221
v 1.797356 3.130037 -2.609677
v 1.856857 2.739252 -2.649349
v 2.141418 1.776790 -3.131559
v 2.175325 1.473433 -3.282562
v 2.129000 0.345645 -3.057777
v 1.724541 -0.005648 -2.518918
v 1.689671 -0.004118 -2.432407
v 1.662306 0.040003 -2.391020
v 2.341134 3.658095 -2.570828
v 2.202004 3.495570 -2.484120
v 1.986346 3.130037 -2.402468
v 2.057708 2.739252 -2.407071
v 2.545253 1.776790 -2.682401
v 2.650119 1.473433 -2.796216
v 2.497608 0.345645 -2.624711
v 1.877905 -0.005648 -2.360275
v 1.804452 -0.004118 -2.302790
v 1.760058 0.040003 -2.280632
v 2.437844 3.658095 -2.096934
v 2.274004 3.495570 -2.091409
v 2.046410 3.130037 -2.128524
v 2.110514 2.739252 -2.096833
v 2.670404 1.776790 -2.091499
v 2.818129 1.473433 -2.137632
v 2.600296 0.345645 -2.065359
v 1.931402 -0.005648 -2.146202
v 1.839046 -0.004118 -2.133148
v 1.789523 0.040003 -2.136154
v 2.284653 3.658095 -1.638176
v 2.139999 3.495570 -1.715311
v 1.961455 3.130037 -1.861251
v 2.001124 2.739252 -1.801750
v 2.483337 1.776790 -1.517189
v 2.634339 1.473433 -1.483281
v 2.409554 0.345645 -1.529607
v 1.870695 -0.005648 -1.934066
v 1.784184 -0.004118 -1.968936
v 1.742798 0.040003 -1.996301
v 1.922605 3.658095 -1.317473
v 1.835897 3.495570 -1.456603
v 1.754246 3.130037 -1.672262
v 1.758849 2.739252 -1.600899
v 2.034178 1.776790 -1.113354
v 2.147992 1.473433 -1.008488
v 1.976488 0.345645 -1.160999
v 1.712053 -0.005648 -1.780702
v 1.654567 -0.004118 -1.854156
v 1.632410 0.040003 -1.898549
v 1.448711 3.658095 -1.220763
v 1.443186 3.495570 -1.384604
v 1.480301 3.130037 -1.612198
v 1.448611 2.739252 -1.548094
v 1.443276 1.776790 -0.988203
v 1.489409 1.473433 -0.840479
v 1.417136 0.345645 -1.058312
v 1.497980 -0.005648 -1.727206
v 1.484925 -0.004118 -1.819562
v 1.487932 0.040003 -1.869084
v 1.327478 0.117465 -1.884650
v 1.216904 0.117465 -2.009515
v 1.180868 0.077189 -1.991527
v 1.305263 0.077189 -1.851054
v 0.723624 3.718878 -1.763293
v 1.023395 3.718878 -1.424774
v 0.576143 0.394410 -1.713783
v 0.920428 0.394410 -1.308157
v 1.183578 0.117465 -2.172938
v 1.143376 0.077189 -2.175379
v 0.633273 3.718878 -2.206344
v 0.480796 0.394410 -2.237208
v 0.659936 0.394410 -2.738181
v 1.236428 0.117465 -2.331130
v 1.202832 0.077189 -2.353344
v 0.776553 3.718878 -2.635213
v 1.065562 0.394410 -3.082465
v 1.361293 0.117465 -2.441703
v 1.343306 0.077189 -2.477739
v 1.115072 3.718878 -2.934984
v 1.588987 0.394410 -3.177811
v 1.527157 0.077189 -2.515231
v 1.524716 0.117465 -2.475029
v 1.558123 3.718878 -3.025334
v 1.682908 0.117465 -2.422179
v 1.705123 0.077189 -2.455775
v 1.986992 3.718878 -2.882054
v 2.089959 0.394410 -2.998671
v 1.793481 0.117465 -2.297314
v 1.829517 0.077189 -2.315301
v 2.286763 3.718878 -2.543535
v 2.434244 0.394410 -2.593044
v 1.826807 0.117465 -2.133891
v 1.867009 0.077189 -2.131450
v 2.377112 3.718878 -2.100484
v 2.529589 0.394410 -2.069619
v 2.350448 0.394410 -1.568647
v 1.773957 0.117465 -1.975699
v 1.807553 0.077189 -1.953484
v 2.233831 3.718878 -1.671615
v 1.667079 0.077189 -1.829090
v 1.944821 0.394410 -1.224363
v 1.649092 0.117465 -1.865126
v 1.895312 3.718878 -1.371844
v 1.452261 3.718878 -1.281495
v 1.421396 0.394410 -1.129018
v 1.483228 0.077189 -1.791598
v 1.485668 0.117465 -1.831800
v 0.669252 3.658095 -1.736000
v 0.989956 3.658095 -1.373953
v 0.512779 0.345645 -1.682117
v 0.881387 0.345645 -1.249051
v 0.572541 3.658095 -2.209894
v 0.410089 0.345645 -2.241469
v 0.600830 0.345645 -2.777221
v 0.725731 3.658095 -2.668652
v 1.033895 0.345645 -3.145829
v 1.087779 3.658095 -2.989356
v 1.593248 0.345645 -3.248518
v 1.561673 3.658095 -3.086066
v 2.020431 3.658095 -2.932875
v 2.129000 0.345645 -3.057777
v 2.341134 3.658095 -2.570828
v 2.497608 0.345645 -2.624711
v 2.437844 3.658095 -2.096934
v 2.600296 0.345645 -2.065359
v 2.409554 0.345645 -1.529607
v 2.284653 3.658095 -1.638176
v 1.976488 0.345645 -1.160999
v 1.922605 3.658095 -1.317473
v 1.448711 3.658095 -1.220763
v 1.417136 0.345645 -1.058312
vn 0.0721 -0.3446 -0.9360
vn 0.0522 -0.4719 -0.8801
vn 0.4852 -0.4719 -0.7360
vn 0.5304 -0.3446 -0.7745
vn 0.0193 -0.1316 -0.9911
vn 0.5122 -0.1316 -0.8487
vn -0.0428 0.7071 0.7058
vn -0.3900 0.7071 0.5898
vn 0.0413 0.7068 -0.7062
vn 0.0596 0.6289 -0.7752
vn 0.4392 0.6289 -0.6415
vn 0.3888 0.7068 -0.5909
vn 0.0319 0.8917 -0.4515
vn 0.0130 0.9632 -0.2683
vn 0.1455 0.9632 -0.2259
vn 0.2534 0.8917 -0.3751
vn 0.0000 1.0000 0.0000
vn 0.0583 0.2073 -0.9765
vn 0.5387 0.2073 -0.8166
vn 0.0551 0.1841 -0.9813
vn 0.5384 0.1841 -0.8223
vn 0.8679 -0.1316 -0.4789
vn 0.7883 -0.4719 -0.3948
vn -0.6326 0.7071 0.3158
vn 0.7011 0.6289 -0.3359
vn 0.6322 0.7068 -0.3173
vn 0.2389 0.9632 -0.1229
vn 0.4070 0.8917 -0.1982
vn 0.8748 0.2073 -0.4378
vn 0.8774 0.1841 -0.4429
vn 0.8466 -0.3446 -0.4056
vn 0.9360 -0.3446 0.0721
vn 0.9765 0.2073 0.0583
vn 0.8801 -0.4719 0.0522
vn 0.9911 -0.1316 0.0193
vn -0.7058 0.7071 -0.0428
vn 0.7752 0.6289 0.0596
vn 0.7062 0.7068 0.0413
vn 0.2683 0.9632 0.0130
vn 0.4515 0.8917 0.0319
vn 0.9813 0.1841 0.0551
vn 0.8223 0.1841 0.5384
vn 0.8487 -0.1316 0.5122
vn 0.7745 -0.3446 0.5304
vn 0.8166 0.2073 0.5387
vn 0.7360 -0.4719 0.4852
vn -0.5898 0.7071 -0.3900
vn 0.6415 0.6289 0.4392
vn 0.5909 0.7068 0.3888
vn 0.2259 0.9632 0.1455
vn 0.3751 0.8917 0.2534
vn 0.4378 0.2073 0.8748
vn 0.3359 0.6289 0.7011
vn 0.4429 0.1841 0.8774
vn 0.4789 -0.1316 0.8679
vn 0.4056 -0.3446 0.8466
vn 0.3948 -0.4719 0.7883
vn -0.3158 0.7071 -0.6326
vn 0.3173 0.7068 0.6322
vn 0.1229 0.9632 0.2389
vn 0.1982 0.8917 0.4070
vn -0.0130 0.9632 0.2683
vn -0.0319 0.8917 0.4515
vn -0.0583 0.2073 0.9765
vn -0.0596 0.6289 0.7752
vn -0.0551 0.1841 0.9813
vn -0.0193 -0.1316 0.9911
vn -0.0721 -0.3446 0.9360
vn -0.0522 -0.4719 0.8801
vn 0.0428 0.7071 -0.7058
vn -0.0413 0.7068 0.7062
vn 0.3900 0.7071 -0.5898
vn -0.4392 0.6289 0.6415
vn -0.3888 0.7068 0.5909
vn -0.1455 0.9632 0.2259
vn -0.2534 0.8917 0.3751
vn -0.5387 0.2073 0.8166
vn -0.5384 0.1841 0.8223
vn -0.5122 -0.1316 0.8487
vn -0.5304 -0.3446 0.7745
vn -0.4852 -0.4719 0.7360
vn -0.7883 -0.4719 0.3948
vn -0.8466 -0.3446 0.4056
vn -0.8679 -0.1316 0.4789
vn 0.6326 0.7071 -0.3158
vn -0.7011 0.6289 0.3359
vn -0.6322 0.7068 0.3173
vn -0.2389 0.9632 0.1229
vn -0.4070 0.8917 0.1982
vn -0.8748 0.2073 0.4378
vn -0.8774 0.1841 0.4429
vn -0.9360 -0.3446 -0.0721
vn -0.9765 0.2073 -0.0583
vn -0.8801 -0.4719 -0.0522
vn -0.9911 -0.1316 -0.0193
vn 0.7058 0.7071 0.0428
vn -0.7752 0.6289 -0.0596
vn -0.7062 0.7068 -0.0413
vn -0.2683 0.9632 -0.0130
vn -0.4515 0.8917 -0.0319
vn -0.9813 0.1841 -0.0551
vn -0.8223 0.1841 -0.5384
vn -0.8487 -0.1316 -0.5122
vn -0.7745 -0.3446 -0.5304
vn -0.8166 0.2073 -0.5387
vn -0.7360 -0.4719 -0.4852
vn 0.5898 0.7071 0.3900
vn -0.6415 0.6289 -0.4392
vn -0.5909 0.7068 -0.3888
vn -0.2259 0.9632 -0.1455
vn -0.3751 0.8917 -0.2534
vn -0.1229 0.9632 -0.2389
vn -0.4378 0.2073 -0.8748
vn -0.3359 0.6289 -0.7011
vn -0.4429 0.1841 -0.8774
vn -0.4789 -0.1316 -0.8679
vn -0.4056 -0.3446 -0.8466
vn -0.3948 -0.4719 -0.7883
vn 0.3158 0.7071 0.6326
vn -0.3173 0.7068 -0.6322
vn -0.1982 0.8917 -0.4070
vn -0.0726 0.3498 0.9340
vn -0.5299 0.3498 0.7725
vn -0.4869 0.4659 0.7388
vn -0.0522 0.4659 0.8833
vn -0.5131 0.1240 0.8493
vn -0.0197 0.1240 0.9921
vn 0.0189 -0.9504 -0.3104
vn 0.1716 -0.9504 -0.2594
vn 0.2170 -0.9193 -0.3282
vn 0.0238 -0.9193 -0.3927
vn -0.0401 -0.7082 0.7048
vn -0.3871 -0.7082 0.5903
vn -0.4380 -0.6333 0.6381
vn -0.0602 -0.6333 0.7715
vn -0.0322 -0.8864 0.4618
vn -0.2588 -0.8864 0.3838
vn -0.1457 -0.9633 0.2253
vn -0.0135 -0.9633 0.2680
vn -0.5375 -0.2075 0.8173
vn -0.0568 -0.2075 0.9766
vn -0.5376 -0.1868 0.8222
vn -0.0545 -0.1868 0.9809
vn 0.0000 -1.0000 0.0000
vn -0.7911 0.4659 0.3964
vn -0.8690 0.1240 0.4790
vn 0.2783 -0.9504 -0.1388
vn 0.3520 -0.9193 -0.1757
vn -0.6304 -0.7082 0.3177
vn -0.6983 -0.6333 0.3336
vn -0.4160 -0.8864 0.2030
vn -0.2388 -0.9633 0.1223
vn -0.8741 -0.2075 0.4391
vn -0.8767 -0.1868 0.4432
vn -0.8451 0.3498 0.4041
vn -0.9766 -0.2075 -0.0568
vn -0.9340 0.3498 -0.0726
vn -0.8833 0.4659 -0.0522
vn -0.9921 0.1240 -0.0197
vn 0.3104 -0.9504 0.0189
vn 0.3927 -0.9193 0.0238
vn -0.7048 -0.7082 -0.0401
vn -0.7715 -0.6333 -0.0602
vn -0.4618 -0.8864 -0.0322
vn -0.2680 -0.9633 -0.0135
vn -0.9809 -0.1868 -0.0545
vn -0.8493 0.1240 -0.5131
vn -0.8222 -0.1868 -0.5377
vn 0.3282 -0.9193 0.2170
vn -0.8173 -0.2075 -0.5375
vn -0.7725 0.3498 -0.5299
vn -0.7388 0.4659 -0.4869
vn 0.2594 -0.9504 0.1716
vn -0.5903 -0.7082 -0.3871
vn -0.6381 -0.6333 -0.4380
vn -0.3838 -0.8864 -0.2588
vn -0.2253 -0.9633 -0.1457
vn -0.3336 -0.6333 -0.6983
vn -0.4391 -0.2075 -0.8741
vn -0.4790 0.1240 -0.8690
vn -0.4432 -0.1868 -0.8767
vn 0.1757 -0.9193 0.3520
vn -0.4041 0.3498 -0.8451
vn -0.3964 0.4659 -0.7911
vn 0.1388 -0.9504 0.2783
vn -0.3177 -0.7082 -0.6304
vn -0.2030 -0.8864 -0.4160
vn -0.1223 -0.9633 -0.2388
vn 0.0322 -0.8864 -0.4618
vn 0.0135 -0.9633 -0.2680
vn -0.0189 -0.9504 0.3104
vn 0.0602 -0.6333 -0.7715
vn 0.0568 -0.2075 -0.9766
vn 0.0197 0.1240 -0.9921
vn 0.0545 -0.1868 -0.9809
vn -0.0238 -0.9193 0.3927
vn 0.0726 0.3498 -0.9340
vn 0.0522 0.4659 -0.8833
vn 0.0401 -0.7082 -0.7048
vn -0.1716 -0.9504 0.2594
vn -0.2170 -0.9193 0.3282
vn 0.3871 -0.7082 -0.5903
vn 0.4380 -0.6333 -0.6381
vn 0.2588 -0.8864 -0.3838
vn 0.1457 -0.9633 -0.2253
vn 0.5375 -0.2075 -0.8173
vn 0.5131 0.1240 -0.8493
vn 0.5377 -0.1868 -0.8222
vn 0.5299 0.3498 -0.7725
vn 0.4869 0.4659 -0.7388
vn 0.8451 0.3498 -0.4041
vn 0.7911 0.4659 -0.3964
vn 0.8690 0.1240 -0.4790
vn -0.2783 -0.9504 0.1388
vn -0.3520 -0.9193 0.1757
vn 0.6304 -0.7082 -0.3177
vn 0.6983 -0.6333 -0.3336
vn 0.4160 -0.8864 -0.2030
vn 0.2388 -0.9633 -0.1223
vn 0.8741 -0.2075 -0.4391
vn 0.8767 -0.1868 -0.4432
vn -0.3927 -0.9193 -0.0238
vn 0.9766 -0.2075 0.0568
vn 0.9340 0.3498 0.0726
vn 0.8833 0.4659 0.0522
vn 0.9921 0.1240 0.0197
vn -0.3104 -0.9504 -0.0189
vn 0.7048 -0.7082 0.0401
vn 0.7715 -0.6333 0.0602
vn 0.4618 -0.8864 0.0322
vn 0.2680 -0.9633 0.0135
vn 0.9809 -0.1868 0.0545
vn 0.8493 0.1240 0.5131
vn 0.8222 -0.1868 0.5377
vn -0.3282 -0.9193 -0.2170
vn 0.8173 -0.2075 0.5375
vn 0.7725 0.3498 0.5299
vn 0.7388 0.4659 0.4869
vn -0.2594 -0.9504 -0.1716
vn 0.5903 -0.7082 0.3871
vn 0.6381 -0.6333 0.4380
vn 0.3838 -0.8864 0.2588
vn 0.2253 -0.9633 0.1457
vn 0.1223 -0.9633 0.2388
vn -0.1388 -0.9504 -0.2783
vn 0.3336 -0.6333 0.6983
vn 0.4391 -0.2075 0.8741
vn 0.4790 0.1240 0.8690
vn 0.4432 -0.1868 0.8767
vn -0.1757 -0.9193 -0.3520
vn 0.4041 0.3498 0.8451
vn 0.3964 0.4659 0.7911
vn 0.3177 -0.7082 0.6304
vn 0.2030 -0.8864 0.4160
vn -0.3899 0.7074 0.5895
vn -0.6324 0.7074 0.3155
vn -0.6323 0.7074 0.3159
vn -0.3896 0.7074 0.5897
vn -0.7055 0.7074 -0.0429
vn -0.7055 0.7074 -0.0426
vn -0.5895 0.7074 -0.3899
vn -0.5897 0.7074 -0.3896
vn -0.3155 0.7074 -0.6324
vn -0.3159 0.7074 -0.6323
vn 0.0429 0.7074 -0.7055
vn 0.0426 0.7074 -0.7055
vn 0.3899 0.7074 -0.5895
vn 0.3896 0.7074 -0.5897
vn 0.6324 0.7074 -0.3155
vn 0.6323 0.7074 -0.3159
vn 0.7055 0.7074 0.0429
vn 0.7055 0.7074 0.0426
vn 0.5895 0.7074 0.3899
vn 0.5897 0.7074 0.3896
vn 0.3155 0.7074 0.6324
vn 0.3159 0.7074 0.6323
vn -0.0429 0.7074 0.7055
vn -0.0426 0.7074 0.7055
usemtl Material.002
s 1
f 489//327 490//328 379//329 378//330
f 490//328 491//331 380//332 379//329
f 663//333 664//333 617//334 620//334
f 661//335 487//336 376//337 622//338
f 662//339 493//340 382//341 624//342
f 493//340 494//343 383//343 382//341
f 487//336 488//344 377//345 376//337
f 491//331 492//346 381//347 380//332
f 495//343 415//343 384//343
f 488//344 489//327 378//330 377//345
f 379//329 380//332 390//348 389//349
f 620//334 617//334 618//350 619//350
f 622//338 376//337 386//351 621//352
f 624//342 382//341 392//353 623//354
f 382//341 383//343 393//343 392//353
f 376//337 377//345 387//355 386//351
f 380//332 381//347 391//356 390//348
f 384//343 415//343 394//343
f 377//345 378//330 388//357 387//355
f 378//330 379//329 389//349 388//357
f 387//355 388//357 398//358 397//359
f 388//357 389//349 399//360 398//358
f 389//349 390//348 400//361 399//360
f 619//350 618//350 625//362 626//362
f 621//352 386//351 396//363 627//364
f 623//354 392//353 402//365 628//366
f 392//353 393//343 403//343 402//365
f 386//351 387//355 397//359 396//363
f 390//348 391//356 401//367 400//361
f 394//343 415//343 404//343
f 400//361 401//367 411//368 410//369
f 404//343 415//343 630//343
f 397//359 398//358 408//370 407//371
f 398//358 399//360 409//372 408//370
f 399//360 400//361 410//369 409//372
f 626//362 625//362 414//373 631//373
f 627//364 396//363 406//374 632//375
f 628//366 402//365 412//376 629//377
f 402//365 403//343 413//343 412//376
f 396//363 397//359 407//371 406//374
f 406//374 407//371 418//378 417//379
f 410//369 411//368 422//380 421//381
f 630//343 415//343 425//343
f 407//371 408//370 419//382 418//378
f 408//370 409//372 420//383 419//382
f 409//372 410//369 421//381 420//383
f 631//373 414//373 634//384 635//384
f 632//375 406//374 417//379 636//385
f 629//377 412//376 423//386 633//387
f 412//376 413//343 424//343 423//386
f 633//387 423//386 433//388 637//389
f 423//386 424//343 434//343 433//388
f 417//379 418//378 428//390 427//391
f 421//381 422//380 432//392 431//393
f 425//343 415//343 435//343
f 418//378 419//382 429//394 428//390
f 419//382 420//383 430//395 429//394
f 420//383 421//381 431//393 430//395
f 635//384 634//384 639//396 638//396
f 636//385 417//379 427//391 640//397
f 638//396 639//396 641//398 642//398
f 640//397 427//391 437//399 643//400
f 637//389 433//388 443//401 644//402
f 433//388 434//343 444//343 443//401
f 427//391 428//390 438//403 437//399
f 431//393 432//392 442//404 441//405
f 435//343 415//343 445//343
f 428//390 429//394 439//406 438//403
f 429//394 430//395 440//407 439//406
f 430//395 431//393 441//405 440//407
f 439//406 440//407 450//408 449//409
f 440//407 441//405 451//410 450//408
f 642//398 641//398 645//411 646//411
f 643//400 437//399 447//412 647//413
f 644//402 443//401 453//414 648//415
f 443//401 444//343 454//343 453//414
f 437//399 438//403 448//416 447//412
f 441//405 442//404 452//417 451//410
f 445//343 415//343 455//343
f 438//403 439//406 449//409 448//416
f 455//343 415//343 465//343
f 448//416 449//409 459//418 458//419
f 449//409 450//408 460//420 459//418
f 450//408 451//410 461//421 460//420
f 646//411 645//411 649//422 650//422
f 647//413 447//412 457//423 651//424
f 648//415 453//414 463//425 652//426
f 453//414 454//343 464//343 463//425
f 447//412 448//416 458//419 457//423
f 451//410 452//417 462//427 461//421
f 461//421 462//427 472//428 471//429
f 465//343 415//343 475//343
f 458//419 459//418 469//430 468//431
f 459//418 460//420 470//432 469//430
f 460//420 461//421 471//429 470//432
f 650//422 649//422 654//433 655//433
f 651//424 457//423 467//434 656//435
f 652//426 463//425 473//436 653//437
f 463//425 464//343 474//343 473//436
f 457//423 458//419 468//431 467//434
f 473//436 474//343 484//343 483//438
f 467//434 468//431 478//439 477//440
f 471//429 472//428 482//441 481//442
f 475//343 415//343 485//343
f 468//431 469//430 479//443 478//439
f 469//430 470//432 480//444 479//443
f 470//432 471//429 481//442 480//444
f 655//433 654//433 659//445 657//445
f 656//435 467//434 477//440 660//446
f 653//437 473//436 483//438 658//447
f 660//446 477//440 487//336 661//335
f 658//447 483//438 493//340 662//339
f 483//438 484//343 494//343 493//340
f 477//440 478//439 488//344 487//336
f 481//442 482//441 492//346 491//331
f 485//343 415//343 495//343
f 478//439 479//443 489//327 488//344
f 479//443 480//444 490//328 489//327
f 480//444 481//442 491//331 490//328
f 657//445 659//445 664//333 663//333
f 610//448 499//449 500//450 611//451
f 611//451 500//450 501//452 612//453
f 615//454 504//455 505//456 616//457
f 687//458 666//459 497//460 608//461
f 688//462 668//463 503//464 614//465
f 614//465 503//464 504//455 615//454
f 608//461 497//460 498//466 609//467
f 612//453 501//452 502//468 613//469
f 616//457 505//456 536//470
f 609//467 498//466 499//449 610//448
f 500//450 510//471 511//472 501//452
f 504//455 514//473 515//474 505//456
f 666//459 665//475 507//476 497//460
f 668//463 667//477 513//478 503//464
f 503//464 513//478 514//473 504//455
f 497//460 507//476 508//479 498//466
f 501//452 511//472 512//480 502//468
f 505//456 515//474 536//470
f 498//466 508//479 509//481 499//449
f 499//449 509//481 510//471 500//450
f 508//479 518//482 519//483 509//481
f 509//481 519//483 520//484 510//471
f 510//471 520//484 521//485 511//472
f 514//473 524//486 525//487 515//474
f 665//475 669//488 517//489 507//476
f 667//477 670//490 523//491 513//478
f 513//478 523//491 524//486 514//473
f 507//476 517//489 518//482 508//479
f 511//472 521//485 522//492 512//480
f 515//474 525//487 536//470
f 521//485 531//493 532//494 522//492
f 525//487 535//495 536//470
f 518//482 528//496 529//497 519//483
f 519//483 529//497 530//498 520//484
f 520//484 530//498 531//493 521//485
f 524//486 534//499 535//495 525//487
f 669//488 672//500 527//501 517//489
f 670//490 671//502 533//503 523//491
f 523//491 533//503 534//499 524//486
f 517//489 527//501 528//496 518//482
f 527//501 538//504 539//505 528//496
f 531//493 542//506 543//507 532//494
f 535//495 546//508 536//470
f 528//496 539//505 540//509 529//497
f 529//497 540//509 541//510 530//498
f 530//498 541//510 542//506 531//493
f 534//499 545//511 546//508 535//495
f 672//500 674//512 538//504 527//501
f 671//502 673//513 544//514 533//503
f 533//503 544//514 545//511 534//499
f 673//513 675//515 554//516 544//514
f 544//514 554//516 555//517 545//511
f 538//504 548//518 549//519 539//505
f 542//506 552//520 553//521 543//507
f 546//508 556//522 536//470
f 539//505 549//519 550//523 540//509
f 540//509 550//523 551//524 541//510
f 541//510 551//524 552//520 542//506
f 545//511 555//517 556//522 546//508
f 674//512 676//525 548//518 538//504
f 555//517 565//526 566//527 556//522
f 676//525 677//528 558//529 548//518
f 675//515 678//530 564//531 554//516
f 554//516 564//531 565//526 555//517
f 548//518 558//529 559//532 549//519
f 552//520 562//533 563//534 553//521
f 556//522 566//527 536//470
f 549//519 559//532 560//535 550//523
f 550//523 560//535 561//536 551//524
f 551//524 561//536 562//533 552//520
f 560//535 570//537 571//538 561//536
f 561//536 571//538 572//539 562//533
f 565//526 575//540 576//541 566//527
f 677//528 679//542 568//543 558//529
f 678//530 680//544 574//545 564//531
f 564//531 574//545 575//540 565//526
f 558//529 568//543 569//546 559//532
f 562//533 572//539 573//547 563//534
f 566//527 576//541 536//470
f 559//532 569//546 570//537 560//535
f 576//541 586//548 536//470
f 569//546 579//549 580//550 570//537
f 570//537 580//550 581//551 571//538
f 571//538 581//551 582//552 572//539
f 575//540 585//553 586//548 576//541
f 679//542 681//554 578//555 568//543
f 680//544 682//556 584//557 574//545
f 574//545 584//557 585//553 575//540
f 568//543 578//555 579//549 569//546
f 572//539 582//552 583//558 573//547
f 582//552 592//559 593//560 583//558
f 586//548 596//561 536//470
f 579//549 589//562 590//563 580//550
f 580//550 590//563 591//564 581//551
f 581//551 591//564 592//559 582//552
f 585//553 595//565 596//561 586//548
f 681//554 684//566 588//567 578//555
f 682//556 683//568 594//569 584//557
f 584//557 594//569 595//565 585//553
f 578//555 588//567 589//562 579//549
f 594//569 604//570 605//571 595//565
f 588//567 598//572 599//573 589//562
f 592//559 602//574 603//575 593//560
f 596//561 606//576 536//470
f 589//562 599//573 600//577 590//563
f 590//563 600//577 601//578 591//564
f 591//564 601//578 602//574 592//559
f 595//565 605//571 606//576 596//561
f 684//566 686//579 598//572 588//567
f 683//568 685//580 604//570 594//569
f 686//579 687//458 608//461 598//572
f 685//580 688//462 614//465 604//570
f 604//570 614//465 615//454 605//571
f 598//572 608//461 609//467 599//573
f 602//574 612//453 613//469 603//575
f 606//576 616//457 536//470
f 599//573 609//467 610//448 600//577
f 600//577 610//448 611//451 601//578
f 601//578 611//451 612//453 602//574
f 605//571 615//454 616//457 606//576
f 375//581 385//582 506//583 496//584
f 385//582 395//585 516//586 506//583
f 395//585 405//587 526//588 516//586
f 405//587 416//589 537//590 526//588
f 416//589 426//591 547//592 537//590
f 426//591 436//593 557//594 547//592
f 436//593 446//595 567//596 557//594
f 446//595 456//597 577//598 567//596
f 456//597 466//599 587//600 577//598
f 466//599 476//601 597//602 587//600
f 476//601 486//603 607//604 597//602
f 486//603 375//581 496//584 607//604
o vase.187_vase.1326
v 3.506062 2.738413 0.904962
v 3.669419 2.492597 0.718284
v 3.714113 2.077472 0.662096
v 3.553206 1.778501 0.808754
v 3.038450 1.453006 1.440895
v 3.099470 0.843130 1.502799
v 3.257423 0.221902 1.169430
v 3.486781 0.091673 0.920087
v 3.542735 0.091673 0.849500
v 3.592232 0.181415 0.774643
v 3.206071 2.738413 0.566196
v 3.440881 2.492597 0.486206
v 3.507682 2.077472 0.459894
v 3.295003 1.778501 0.506450
v 2.533140 1.453006 0.796522
v 2.555034 0.843130 0.880642
v 2.858510 0.221902 0.670912
v 3.181810 0.091673 0.569655
v 3.265562 0.091673 0.536501
v 3.345856 0.181415 0.496422
v 3.988212 0.181415 0.175789
v 3.115654 2.738413 0.122821
v 3.359001 2.492597 0.170953
v 3.430009 2.077472 0.181566
v 3.222545 1.778501 0.115546
v 2.417717 1.453006 -0.014177
v 2.394617 0.843130 0.069620
v 2.762300 0.221902 0.039727
v 3.092915 0.091673 0.113686
v 3.182023 0.091673 0.126850
v 3.271599 0.181415 0.132287
v 3.259039 2.738413 -0.306362
v 3.445717 2.492597 -0.143004
v 3.501905 2.077472 -0.098310
v 3.355247 1.778501 -0.259217
v 2.723106 1.453006 -0.773974
v 2.661203 0.843130 -0.712954
v 2.994572 0.221902 -0.555001
v 3.243914 0.091673 -0.325643
v 3.314501 0.091673 -0.269688
v 3.389358 0.181415 -0.220191
v 3.597805 2.738413 -0.606352
v 3.677795 2.492597 -0.371542
v 3.704107 2.077472 -0.304741
v 3.657551 1.778501 -0.517420
v 3.367480 1.453006 -1.279283
v 3.283360 0.843130 -1.257390
v 3.493089 0.221902 -0.953913
v 3.594347 0.091673 -0.630613
v 3.627500 0.091673 -0.546861
v 3.667579 0.181415 -0.466567
v 4.041181 2.738413 -0.696768
v 3.993048 2.492597 -0.453422
v 3.982435 2.077472 -0.382414
v 4.048456 1.778501 -0.589878
v 4.178179 1.453006 -1.394706
v 4.094382 0.843130 -1.417806
v 4.124275 0.221902 -1.050123
v 4.050316 0.091673 -0.719508
v 4.037151 0.091673 -0.630400
v 4.031714 0.181415 -0.540824
v 4.470363 2.738413 -0.553383
v 4.307005 2.492597 -0.366705
v 4.262311 2.077472 -0.310517
v 4.423218 1.778501 -0.457176
v 4.937976 1.453006 -1.089315
v 4.876956 0.843130 -1.151219
v 4.719002 0.221902 -0.817850
v 4.489644 0.091673 -0.568508
v 4.433690 0.091673 -0.497921
v 4.384192 0.181415 -0.423064
v 4.770353 2.738413 -0.214617
v 4.535542 2.492597 -0.134627
v 4.468741 2.077472 -0.108315
v 4.681420 1.778501 -0.154871
v 5.443284 1.453006 -0.444941
v 5.421391 0.843130 -0.529061
v 5.117914 0.221902 -0.319332
v 4.794614 0.091673 -0.218075
v 4.710862 0.091673 -0.184922
v 4.630568 0.181415 -0.144843
v 4.860769 2.738413 0.228759
v 4.617422 2.492597 0.180626
v 4.546414 2.077472 0.170013
v 4.753878 1.778501 0.236034
v 5.558706 1.453006 0.365758
v 5.581806 0.843130 0.281961
v 5.214123 0.221902 0.311853
v 4.883508 0.091673 0.237894
v 4.794401 0.091673 0.224730
v 4.704824 0.181415 0.219292
v 4.717383 2.738413 0.657941
v 4.530705 2.492597 0.494583
v 4.474517 2.077472 0.449889
v 4.621176 1.778501 0.610796
v 5.253315 1.453006 1.125555
v 5.315218 0.843130 1.064534
v 4.981850 0.221902 0.906580
v 4.732508 0.091673 0.677222
v 4.661922 0.091673 0.621268
v 4.587065 0.181415 0.571770
v 4.378616 2.738413 0.957931
v 4.298627 2.492597 0.723120
v 4.272315 2.077472 0.656319
v 4.318871 1.778501 0.868998
v 4.608940 1.453006 1.630862
v 4.693060 0.843130 1.608969
v 4.483331 0.221902 1.305492
v 4.382074 0.091673 0.982191
v 4.348922 0.091673 0.898440
v 4.308843 0.181415 0.818145
v 3.935241 2.738413 1.048346
v 3.983374 2.492597 0.804999
v 3.993987 2.077472 0.733992
v 3.927966 1.778501 0.941455
v 3.798241 1.453006 1.746283
v 3.882038 0.843130 1.769383
v 3.852146 0.221902 1.401700
v 3.926105 0.091673 1.071085
v 3.939270 0.091673 0.981978
v 3.944708 0.181415 0.892401
v 3.472671 2.677706 0.955908
v 3.631040 2.451291 0.783217
v 3.672066 2.097613 0.734358
v 3.524554 1.847958 0.850593
v 2.995004 1.498760 1.499329
v 3.052688 0.822535 1.571958
v 3.223197 0.158679 1.216619
v 3.476494 0.007650 0.935250
v 3.558187 0.010366 0.826132
v 3.612835 0.103953 0.743484
v 3.151681 2.677706 0.593619
v 3.375177 2.451291 0.523250
v 3.435135 2.097613 0.501450
v 3.249270 1.847958 0.528357
v 2.466298 1.498760 0.825403
v 2.479941 0.822535 0.917145
v 2.805274 0.158679 0.694666
v 3.165320 0.007650 0.577641
v 3.290628 0.010366 0.523990
v 3.379279 0.103953 0.479740
v 3.988212 0.095415 0.175789
v 3.054837 2.677706 0.119374
v 3.283576 2.451291 0.170179
v 3.346402 2.097613 0.181282
v 3.171984 1.847958 0.111651
v 2.345387 1.498760 -0.022585
v 2.311332 0.822535 0.063689
v 2.704317 0.158679 0.033680
v 3.074639 0.007650 0.112361
v 3.209986 0.010366 0.128547
v 3.308884 0.103953 0.134551
v 3.208094 2.677706 -0.339753
v 3.380784 2.451291 -0.181384
v 3.429643 2.097613 -0.140358
v 3.313408 1.847958 -0.287869
v 2.664673 1.498760 -0.817420
v 2.592043 0.822535 -0.759736
v 2.947382 0.158679 -0.589226
v 3.228751 0.007650 -0.335929
v 3.337869 0.010366 -0.254237
v 3.420517 0.103953 -0.199588
v 3.570382 2.677706 -0.660742
v 3.640751 2.451291 -0.437246
v 3.662552 2.097613 -0.377288
v 3.635645 1.847958 -0.563153
v 3.338599 1.498760 -1.346125
v 3.246857 0.822535 -1.332483
v 3.469335 0.158679 -1.007149
v 3.586360 0.007650 -0.647103
v 3.640012 0.010366 -0.521795
v 3.684261 0.103953 -0.433144
v 4.044628 2.677706 -0.757585
v 3.993822 2.451291 -0.528847
v 3.982720 2.097613 -0.466020
v 4.052351 1.847958 -0.640439
v 4.186587 1.498760 -1.467036
v 4.100316 0.822535 -1.501090
v 4.130322 0.158679 -1.108105
v 4.051641 0.007650 -0.737783
v 4.035454 0.010366 -0.602437
v 4.029450 0.103953 -0.503539
v 4.503755 2.677706 -0.604329
v 4.345385 2.451291 -0.431639
v 4.304358 2.097613 -0.382780
v 4.451870 1.847958 -0.499014
v 4.981422 1.498760 -1.147749
v 4.923738 0.822535 -1.220378
v 4.753228 0.158679 -0.865040
v 4.499930 0.007650 -0.583671
v 4.418238 0.010366 -0.474553
v 4.363590 0.103953 -0.391905
v 4.824743 2.677706 -0.242040
v 4.601247 2.451291 -0.171671
v 4.541288 2.097613 -0.149871
v 4.727153 1.847958 -0.176777
v 5.510129 1.498760 -0.473822
v 5.496484 0.822535 -0.565564
v 5.171151 0.158679 -0.343086
v 4.811104 0.007650 -0.226061
v 4.685796 0.010366 -0.172410
v 4.597145 0.103953 -0.128161
v 4.921586 2.677706 0.232206
v 4.692847 2.451291 0.181400
v 4.630021 2.097613 0.170298
v 4.804440 1.847958 0.239929
v 5.631036 1.498760 0.374167
v 5.665091 0.822535 0.287895
v 5.272106 0.158679 0.317900
v 4.901784 0.007650 0.239219
v 4.766437 0.010366 0.223032
v 4.667540 0.103953 0.217029
v 4.768329 2.677706 0.691332
v 4.595639 2.451291 0.532963
v 4.546780 2.097613 0.491936
v 4.663014 1.847958 0.639449
v 5.311749 1.498760 1.169001
v 5.384377 0.822535 1.111316
v 5.029039 0.158679 0.940809
v 4.747671 0.007650 0.687509
v 4.638553 0.010366 0.605816
v 4.555905 0.103953 0.551168
v 4.406040 2.677706 1.012321
v 4.335671 2.451291 0.788824
v 4.313870 2.097613 0.728866
v 4.340777 1.847958 0.914731
v 4.637821 1.498760 1.697707
v 4.729563 0.822535 1.684062
v 4.507085 0.158679 1.358728
v 4.390061 0.007650 0.998682
v 4.336410 0.010366 0.873374
v 4.292161 0.103953 0.784722
v 3.931793 2.677706 1.109163
v 3.982600 2.451291 0.880425
v 3.993702 2.097613 0.817598
v 3.924071 1.847958 0.992017
v 3.789832 1.498760 1.818613
v 3.876104 0.822535 1.852668
v 3.846099 0.158679 1.459683
v 3.924780 0.007650 1.089361
v 3.940968 0.010366 0.954014
v 3.946971 0.103953 0.855117
v 3.038450 1.453006 1.440895
v 2.533140 1.453006 0.796522
v 3.592232 0.181415 0.774643
v 3.345856 0.181415 0.496422
v 3.265562 0.091673 0.536501
v 3.542735 0.091673 0.849500
v 3.206071 2.738413 0.566196
v 3.506062 2.738413 0.904962
v 3.271599 0.181415 0.132287
v 2.417717 1.453006 -0.014177
v 3.182023 0.091673 0.126850
v 3.115654 2.738413 0.122821
v 3.389358 0.181415 -0.220191
v 2.723106 1.453006 -0.773974
v 3.314501 0.091673 -0.269688
v 3.259039 2.738413 -0.306362
v 3.627500 0.091673 -0.546861
v 3.667579 0.181415 -0.466567
v 3.367480 1.453006 -1.279283
v 3.597805 2.738413 -0.606352
v 4.041181 2.738413 -0.696768
v 4.037151 0.091673 -0.630400
v 4.031714 0.181415 -0.540824
v 4.178179 1.453006 -1.394706
v 4.937976 1.453006 -1.089315
v 4.384192 0.181415 -0.423064
v 4.433690 0.091673 -0.497921
v 4.470363 2.738413 -0.553383
v 5.443284 1.453006 -0.444941
v 4.630568 0.181415 -0.144843
v 4.710862 0.091673 -0.184922
v 4.770353 2.738413 -0.214617
v 4.704824 0.181415 0.219292
v 5.558706 1.453006 0.365758
v 4.794401 0.091673 0.224730
v 4.860769 2.738413 0.228759
v 4.587065 0.181415 0.571770
v 5.253315 1.453006 1.125555
v 4.661922 0.091673 0.621268
v 4.717383 2.738413 0.657941
v 4.348922 0.091673 0.898440
v 4.308843 0.181415 0.818145
v 4.608940 1.453006 1.630862
v 4.378616 2.738413 0.957931
v 3.944708 0.181415 0.892401
v 3.939270 0.091673 0.981978
v 3.935241 2.738413 1.048346
v 3.798241 1.453006 1.746283
v 2.995004 1.498760 1.499329
v 2.466298 1.498760 0.825403
v 3.612835 0.103953 0.743484
v 3.379279 0.103953 0.479740
v 3.151681 2.677706 0.593619
v 3.472671 2.677706 0.955908
v 3.308884 0.103953 0.134551
v 2.345387 1.498760 -0.022585
v 3.054837 2.677706 0.119374
v 3.420517 0.103953 -0.199588
v 2.664673 1.498760 -0.817420
v 3.208094 2.677706 -0.339753
v 3.684261 0.103953 -0.433144
v 3.338599 1.498760 -1.346125
v 3.570382 2.677706 -0.660742
v 4.044628 2.677706 -0.757585
v 4.029450 0.103953 -0.503539
v 4.186587 1.498760 -1.467036
v 4.981422 1.498760 -1.147749
v 4.363590 0.103953 -0.391905
v 4.503755 2.677706 -0.604329
v 5.510129 1.498760 -0.473822
v 4.597145 0.103953 -0.128161
v 4.824743 2.677706 -0.242040
v 4.667540 0.103953 0.217029
v 5.631036 1.498760 0.374167
v 4.921586 2.677706 0.232206
v 4.555905 0.103953 0.551168
v 5.311749 1.498760 1.169001
v 4.768329 2.677706 0.691332
v 4.292161 0.103953 0.784722
v 4.637821 1.498760 1.697707
v 4.406040 2.677706 1.012321
v 3.946971 0.103953 0.855117
v 3.931793 2.677706 1.109163
v 3.789832 1.498760 1.818613
vn 0.0033 -0.2342 -0.9722
vn 0.0453 -0.8076 -0.5879
vn 0.3332 -0.8076 -0.4865
vn 0.4889 -0.2342 -0.8403
vn 0.0422 -0.9285 -0.3688
vn 0.2210 -0.9285 -0.2983
vn 0.1160 -0.0249 -0.9929
vn 0.0690 0.2395 -0.9684
vn 0.5440 0.2395 -0.8042
vn 0.5969 -0.0249 -0.8019
vn -0.0428 0.7071 0.7058
vn -0.3900 0.7071 0.5898
vn 0.0400 0.7059 -0.7072
vn 0.0090 0.4803 -0.8770
vn 0.4463 0.4803 -0.7551
vn 0.3883 0.7059 -0.5924
vn 0.0703 0.7352 -0.6742
vn 0.0154 0.9770 -0.2125
vn 0.1196 0.9770 -0.1763
vn 0.3980 0.7352 -0.5487
vn 0.0000 1.0000 0.0000
vn 0.3406 -0.9285 -0.1478
vn 0.5318 -0.8076 -0.2547
vn 0.8732 0.2395 -0.4245
vn 0.9179 -0.0249 -0.3960
vn -0.6326 0.7071 0.3158
vn 0.7640 0.4803 -0.4307
vn 0.6325 0.7059 -0.3189
vn 0.1917 0.9770 -0.0929
vn 0.6190 0.7352 -0.2762
vn 0.8436 -0.2342 -0.4832
vn 0.5879 -0.8076 0.0453
vn 0.9722 -0.2342 0.0033
vn 0.3688 -0.9285 0.0422
vn 0.9684 0.2395 0.0690
vn 0.9929 -0.0249 0.1160
vn -0.7058 0.7071 -0.0428
vn 0.8770 0.4803 0.0090
vn 0.7072 0.7059 0.0400
vn 0.2125 0.9770 0.0154
vn 0.6742 0.7352 0.0703
vn 0.8403 -0.2342 0.4889
vn 0.7551 0.4803 0.4463
vn 0.5487 0.7352 0.3980
vn 0.8042 0.2395 0.5440
vn 0.4865 -0.8076 0.3332
vn 0.2983 -0.9285 0.2210
vn 0.8019 -0.0249 0.5969
vn -0.5898 0.7071 -0.3900
vn 0.5924 0.7059 0.3883
vn 0.1763 0.9770 0.1196
vn 0.0929 0.9770 0.1917
vn 0.2762 0.7352 0.6190
vn 0.4832 -0.2342 0.8436
vn 0.4307 0.4803 0.7640
vn 0.4245 0.2395 0.8732
vn 0.2547 -0.8076 0.5318
vn 0.1478 -0.9285 0.3406
vn 0.3960 -0.0249 0.9179
vn -0.3158 0.7071 -0.6326
vn 0.3189 0.7059 0.6325
vn -0.0090 0.4803 0.8770
vn -0.0400 0.7059 0.7072
vn -0.0154 0.9770 0.2125
vn -0.0703 0.7352 0.6742
vn -0.0033 -0.2342 0.9722
vn -0.0690 0.2395 0.9684
vn -0.0453 -0.8076 0.5879
vn -0.0422 -0.9285 0.3688
vn -0.1160 -0.0249 0.9929
vn 0.0428 0.7071 -0.7058
vn -0.5440 0.2395 0.8042
vn -0.5969 -0.0249 0.8019
vn 0.3900 0.7071 -0.5898
vn -0.4463 0.4803 0.7551
vn -0.3883 0.7059 0.5924
vn -0.1196 0.9770 0.1763
vn -0.3980 0.7352 0.5487
vn -0.4889 -0.2342 0.8403
vn -0.3332 -0.8076 0.4865
vn -0.2210 -0.9285 0.2983
vn -0.5318 -0.8076 0.2547
vn -0.8436 -0.2342 0.4832
vn -0.3406 -0.9285 0.1478
vn -0.8732 0.2395 0.4245
vn -0.9179 -0.0249 0.3960
vn 0.6326 0.7071 -0.3158
vn -0.7640 0.4803 0.4307
vn -0.6325 0.7059 0.3189
vn -0.1917 0.9770 0.0929
vn -0.6190 0.7352 0.2762
vn -0.6742 0.7352 -0.0703
vn -0.9684 0.2395 -0.0690
vn -0.5879 -0.8076 -0.0453
vn -0.9722 -0.2342 -0.0033
vn -0.3688 -0.9285 -0.0422
vn -0.9929 -0.0249 -0.1160
vn 0.7058 0.7071 0.0428
vn -0.8770 0.4803 -0.0090
vn -0.7072 0.7059 -0.0400
vn -0.2125 0.9770 -0.0154
vn -0.8403 -0.2342 -0.4889
vn -0.7551 0.4803 -0.4463
vn -0.5487 0.7352 -0.3980
vn -0.8042 0.2395 -0.5440
vn -0.4865 -0.8076 -0.3332
vn -0.2983 -0.9285 -0.2210
vn -0.8019 -0.0249 -0.5969
vn 0.5898 0.7071 0.3900
vn -0.5924 0.7059 -0.3883
vn -0.1763 0.9770 -0.1196
vn -0.0929 0.9770 -0.1917
vn -0.2762 0.7352 -0.6190
vn -0.4832 -0.2342 -0.8436
vn -0.4307 0.4803 -0.7640
vn -0.4245 0.2395 -0.8732
vn -0.2547 -0.8076 -0.5318
vn -0.1478 -0.9285 -0.3406
vn -0.3960 -0.0249 -0.9179
vn 0.3158 0.7071 0.6326
vn -0.3189 0.7059 -0.6325
vn 0.0002 0.2334 0.9724
vn -0.4860 0.2334 0.8422
vn -0.3386 0.8036 0.4895
vn -0.0485 0.8036 0.5932
vn -0.2293 0.9228 0.3097
vn -0.0438 0.9228 0.3829
vn -0.1145 0.0382 0.9927
vn -0.5955 0.0382 0.8024
vn -0.5455 -0.2332 0.8050
vn -0.0700 -0.2332 0.9699
vn 0.0197 -0.9456 -0.3245
vn 0.1793 -0.9456 -0.2712
vn 0.3787 -0.7270 -0.5727
vn 0.0416 -0.7270 -0.6854
vn -0.0416 -0.7133 0.6996
vn -0.3858 -0.7133 0.5850
vn -0.4436 -0.4882 0.7515
vn -0.0085 -0.4882 0.8727
vn -0.0702 -0.7317 0.6780
vn -0.3998 -0.7317 0.5520
vn -0.1192 -0.9773 0.1751
vn -0.0157 -0.9773 0.2112
vn -0.0007 -0.9999 0.0125
vn -0.0069 -0.9999 0.0104
vn 0.0000 -1.0000 0.0000
vn -0.5380 0.8036 0.2546
vn -0.3535 0.9228 0.1535
vn -0.9169 0.0382 0.3972
vn -0.8750 -0.2332 0.4243
vn 0.2909 -0.9456 -0.1452
vn 0.6144 -0.7270 -0.3066
vn -0.6267 -0.7133 0.3137
vn -0.7600 -0.4882 0.4290
vn -0.6222 -0.7317 0.2782
vn -0.1907 -0.9773 0.0920
vn -0.8420 0.2334 0.4864
vn -0.0112 -0.9999 0.0056
vn -0.0125 -0.9999 -0.0007
vn -0.9724 0.2334 0.0002
vn -0.5932 0.8036 -0.0485
vn -0.3829 0.9228 -0.0438
vn -0.9927 0.0382 -0.1145
vn -0.9699 -0.2332 -0.0700
vn 0.3245 -0.9456 0.0197
vn 0.6854 -0.7270 0.0416
vn -0.6996 -0.7133 -0.0416
vn -0.8727 -0.4882 -0.0085
vn -0.6780 -0.7317 -0.0702
vn -0.2112 -0.9773 -0.0157
vn -0.7515 -0.4882 -0.4436
vn -0.8422 0.2334 -0.4860
vn -0.8050 -0.2332 -0.5455
vn -0.5520 -0.7317 -0.3998
vn -0.0104 -0.9999 -0.0069
vn -0.4895 0.8036 -0.3386
vn -0.3097 0.9228 -0.2293
vn -0.8024 0.0382 -0.5955
vn 0.2712 -0.9456 0.1793
vn 0.5727 -0.7270 0.3787
vn -0.5850 -0.7133 -0.3858
vn -0.1751 -0.9773 -0.1192
vn -0.2782 -0.7317 -0.6222
vn -0.0920 -0.9773 -0.1907
vn 0.1452 -0.9456 0.2909
vn -0.4290 -0.4882 -0.7600
vn -0.4864 0.2334 -0.8420
vn -0.4243 -0.2332 -0.8750
vn -0.0056 -0.9999 -0.0112
vn -0.2546 0.8036 -0.5380
vn -0.1535 0.9228 -0.3535
vn -0.3972 0.0382 -0.9169
vn 0.3066 -0.7270 0.6144
vn -0.3137 -0.7133 -0.6267
vn 0.0416 -0.7133 -0.6996
vn 0.0085 -0.4882 -0.8727
vn 0.0702 -0.7317 -0.6780
vn 0.0157 -0.9773 -0.2112
vn -0.0197 -0.9456 0.3245
vn -0.0002 0.2334 -0.9724
vn 0.0700 -0.2332 -0.9699
vn 0.0007 -0.9999 -0.0125
vn 0.0485 0.8036 -0.5932
vn 0.0438 0.9228 -0.3829
vn 0.1145 0.0382 -0.9927
vn -0.0416 -0.7270 0.6854
vn 0.5955 0.0382 -0.8024
vn 0.5455 -0.2332 -0.8050
vn -0.1793 -0.9456 0.2712
vn -0.3787 -0.7270 0.5727
vn 0.3858 -0.7133 -0.5850
vn 0.4436 -0.4882 -0.7515
vn 0.3998 -0.7317 -0.5520
vn 0.1192 -0.9773 -0.1751
vn 0.4860 0.2334 -0.8422
vn 0.0069 -0.9999 -0.0104
vn 0.3386 0.8036 -0.4895
vn 0.2293 0.9228 -0.3097
vn 0.8420 0.2334 -0.4864
vn 0.5380 0.8036 -0.2546
vn 0.3535 0.9228 -0.1535
vn 0.9169 0.0382 -0.3972
vn 0.8750 -0.2332 -0.4243
vn -0.2909 -0.9456 0.1452
vn -0.6144 -0.7270 0.3066
vn 0.6267 -0.7133 -0.3137
vn 0.7600 -0.4882 -0.4290
vn 0.6222 -0.7317 -0.2782
vn 0.1907 -0.9773 -0.0920
vn 0.0112 -0.9999 -0.0056
vn 0.9699 -0.2332 0.0700
vn 0.6780 -0.7317 0.0702
vn 0.0125 -0.9999 0.0007
vn 0.9724 0.2334 -0.0002
vn 0.5932 0.8036 0.0485
vn 0.3829 0.9228 0.0438
vn 0.9927 0.0382 0.1145
vn -0.3245 -0.9456 -0.0197
vn -0.6854 -0.7270 -0.0416
vn 0.6996 -0.7133 0.0416
vn 0.8727 -0.4882 0.0085
vn 0.2112 -0.9773 0.0157
vn 0.7515 -0.4882 0.4436
vn 0.8422 0.2334 0.4860
vn 0.8050 -0.2332 0.5455
vn 0.5520 -0.7317 0.3998
vn 0.0104 -0.9999 0.0069
vn 0.4895 0.8036 0.3386
vn 0.3097 0.9228 0.2293
vn 0.8024 0.0382 0.5955
vn -0.2712 -0.9456 -0.1793
vn -0.5727 -0.7270 -0.3787
vn 0.5850 -0.7133 0.3858
vn 0.1751 -0.9773 0.1192
vn 0.2782 -0.7317 0.6222
vn 0.0920 -0.9773 0.1907
vn -0.1452 -0.9456 -0.2909
vn 0.4290 -0.4882 0.7600
vn 0.4863 0.2334 0.8420
vn 0.4243 -0.2332 0.8750
vn 0.0056 -0.9999 0.0112
vn 0.2546 0.8036 0.5380
vn 0.1535 0.9228 0.3535
vn 0.3972 0.0382 0.9169
vn -0.3066 -0.7270 -0.6144
vn 0.3137 -0.7133 0.6267
vn -0.3895 0.7083 0.5887
vn -0.6317 0.7083 0.3151
vn -0.6314 0.7083 0.3157
vn -0.3890 0.7083 0.5891
vn -0.7046 0.7083 -0.0430
vn -0.7046 0.7083 -0.0423
vn -0.5887 0.7083 -0.3895
vn -0.5891 0.7083 -0.3890
vn -0.3151 0.7083 -0.6317
vn -0.3157 0.7083 -0.6314
vn 0.0430 0.7083 -0.7046
vn 0.0423 0.7083 -0.7046
vn 0.3895 0.7083 -0.5887
vn 0.3890 0.7083 -0.5891
vn 0.6317 0.7083 -0.3151
vn 0.6314 0.7083 -0.3157
vn 0.7046 0.7083 0.0430
vn 0.7046 0.7083 0.0423
vn 0.5887 0.7083 0.3895
vn 0.5891 0.7083 0.3890
vn 0.3151 0.7083 0.6317
vn 0.3157 0.7083 0.6314
vn -0.0430 0.7083 0.7046
vn -0.0423 0.7083 0.7046
usemtl Material
s 1
f 802//605 803//606 692//607 691//608
f 803//606 804//609 693//610 692//607
f 978//611 805//612 694//613 931//614
f 976//615 975//615 933//616 936//616
f 977//617 801//618 690//619 938//620
f 806//621 807//622 696//623 695//624
f 807//622 808//625 697//625 696//623
f 801//618 802//605 691//608 690//619
f 805//612 806//621 695//624 694//613
f 809//625 709//625 698//625
f 692//607 693//610 703//626 702//627
f 931//614 694//613 704//628 932//629
f 936//616 933//616 708//630 935//630
f 938//620 690//619 700//631 937//632
f 695//624 696//623 706//633 705//634
f 696//623 697//625 707//625 706//633
f 690//619 691//608 701//635 700//631
f 694//613 695//624 705//634 704//628
f 698//625 709//625 934//625
f 691//608 692//607 702//627 701//635
f 934//625 709//625 719//625
f 701//635 702//627 713//636 712//637
f 702//627 703//626 714//638 713//636
f 932//629 704//628 715//639 940//640
f 935//630 708//630 939//641 941//641
f 937//632 700//631 711//642 942//643
f 705//634 706//633 717//644 716//645
f 706//633 707//625 718//625 717//644
f 700//631 701//635 712//637 711//642
f 704//628 705//634 716//645 715//639
f 711//642 712//637 722//646 721//647
f 715//639 716//645 726//648 725//649
f 719//625 709//625 729//625
f 712//637 713//636 723//650 722//646
f 713//636 714//638 724//651 723//650
f 940//640 715//639 725//649 944//652
f 941//641 939//641 943//653 945//653
f 942//643 711//642 721//647 946//654
f 716//645 717//644 727//655 726//648
f 717//644 718//625 728//625 727//655
f 726//648 727//655 737//656 736//657
f 727//655 728//625 738//625 737//656
f 721//647 722//646 732//658 731//659
f 725//649 726//648 736//657 735//660
f 729//625 709//625 739//625
f 722//646 723//650 733//661 732//658
f 723//650 724//651 734//662 733//661
f 944//652 725//649 735//660 949//663
f 945//653 943//653 948//664 947//664
f 946//654 721//647 731//659 950//665
f 950//665 731//659 741//666 951//667
f 736//657 737//656 747//668 746//669
f 737//656 738//625 748//625 747//668
f 731//659 732//658 742//670 741//666
f 735//660 736//657 746//669 745//671
f 739//625 709//625 749//625
f 732//658 733//661 743//672 742//670
f 733//661 734//662 744//673 743//672
f 949//663 735//660 745//671 954//674
f 947//664 948//664 953//675 952//675
f 954//674 745//671 755//676 955//677
f 952//675 953//675 956//678 957//678
f 951//667 741//666 751//679 958//680
f 746//669 747//668 757//681 756//682
f 747//668 748//625 758//625 757//681
f 741//666 742//670 752//683 751//679
f 745//671 746//669 756//682 755//676
f 749//625 709//625 759//625
f 742//670 743//672 753//684 752//683
f 743//672 744//673 754//685 753//684
f 752//683 753//684 763//686 762//687
f 753//684 754//685 764//688 763//686
f 955//677 755//676 765//689 959//690
f 957//678 956//678 960//691 961//691
f 958//680 751//679 761//692 962//693
f 756//682 757//681 767//694 766//695
f 757//681 758//625 768//625 767//694
f 751//679 752//683 762//687 761//692
f 755//676 756//682 766//695 765//689
f 759//625 709//625 769//625
f 765//689 766//695 776//696 775//697
f 769//625 709//625 779//625
f 762//687 763//686 773//698 772//699
f 763//686 764//688 774//700 773//698
f 959//690 765//689 775//697 964//701
f 961//691 960//691 963//702 965//702
f 962//693 761//692 771//703 966//704
f 766//695 767//694 777//705 776//696
f 767//694 768//625 778//625 777//705
f 761//692 762//687 772//699 771//703
f 771//703 772//699 782//706 781//707
f 775//697 776//696 786//708 785//709
f 779//625 709//625 789//625
f 772//699 773//698 783//710 782//706
f 773//698 774//700 784//711 783//710
f 964//701 775//697 785//709 968//712
f 965//702 963//702 967//713 969//713
f 966//704 771//703 781//707 970//714
f 776//696 777//705 787//715 786//708
f 777//705 778//625 788//625 787//715
f 786//708 787//715 797//716 796//717
f 787//715 788//625 798//625 797//716
f 781//707 782//706 792//718 791//719
f 785//709 786//708 796//717 795//720
f 789//625 709//625 799//625
f 782//706 783//710 793//721 792//718
f 783//710 784//711 794//722 793//721
f 968//712 785//709 795//720 973//723
f 969//713 967//713 972//724 971//724
f 970//714 781//707 791//719 974//725
f 971//724 972//724 975//615 976//615
f 974//725 791//719 801//618 977//617
f 796//717 797//716 807//622 806//621
f 797//716 798//625 808//625 807//622
f 791//719 792//718 802//605 801//618
f 795//720 796//717 806//621 805//612
f 799//625 709//625 809//625
f 792//718 793//721 803//606 802//605
f 793//721 794//722 804//609 803//606
f 973//723 795//720 805//612 978//611
f 923//726 812//727 813//728 924//729
f 924//729 813//728 814//730 925//731
f 1014//732 979//733 815//734 926//735
f 929//736 818//737 981//738 1012//739
f 1013//740 984//741 811//742 922//743
f 927//744 816//745 817//746 928//747
f 928//747 817//746 818//737 929//736
f 922//743 811//742 812//727 923//726
f 926//735 815//734 816//745 927//744
f 930//748 819//749 830//750
f 813//728 823//751 824//752 814//730
f 979//733 980//753 825//754 815//734
f 818//737 828//755 829//756 981//738
f 984//741 983//757 821//758 811//742
f 816//745 826//759 827//760 817//746
f 817//746 827//760 828//755 818//737
f 811//742 821//758 822//761 812//727
f 815//734 825//754 826//759 816//745
f 819//749 982//762 830//750
f 812//727 822//761 823//751 813//728
f 982//762 840//763 830//750
f 822//761 833//764 834//765 823//751
f 823//751 834//765 835//766 824//752
f 980//753 986//767 836//768 825//754
f 828//755 839//769 985//770 829//756
f 983//757 987//771 832//772 821//758
f 826//759 837//773 838//774 827//760
f 827//760 838//774 839//769 828//755
f 821//758 832//772 833//764 822//761
f 825//754 836//768 837//773 826//759
f 832//772 842//775 843//776 833//764
f 836//768 846//777 847//778 837//773
f 840//763 850//779 830//750
f 833//764 843//776 844//780 834//765
f 834//765 844//780 845//781 835//766
f 986//767 989//782 846//777 836//768
f 839//769 849//783 988//784 985//770
f 987//771 990//785 842//775 832//772
f 837//773 847//778 848//786 838//774
f 838//774 848//786 849//783 839//769
f 847//778 857//787 858//788 848//786
f 848//786 858//788 859//789 849//783
f 842//775 852//790 853//791 843//776
f 846//777 856//792 857//787 847//778
f 850//779 860//793 830//750
f 843//776 853//791 854//794 844//780
f 844//780 854//794 855//795 845//781
f 989//782 992//796 856//792 846//777
f 849//783 859//789 991//797 988//784
f 990//785 993//798 852//790 842//775
f 993//798 994//799 862//800 852//790
f 857//787 867//801 868//802 858//788
f 858//788 868//802 869//803 859//789
f 852//790 862//800 863//804 853//791
f 856//792 866//805 867//801 857//787
f 860//793 870//806 830//750
f 853//791 863//804 864//807 854//794
f 854//794 864//807 865//808 855//795
f 992//796 996//809 866//805 856//792
f 859//789 869//803 995//810 991//797
f 996//809 997//811 876//812 866//805
f 869//803 879//813 998//814 995//810
f 994//799 999//815 872//816 862//800
f 867//801 877//817 878//818 868//802
f 868//802 878//818 879//813 869//803
f 862//800 872//816 873//819 863//804
f 866//805 876//812 877//817 867//801
f 870//806 880//820 830//750
f 863//804 873//819 874//821 864//807
f 864//807 874//821 875//822 865//808
f 873//819 883//823 884//824 874//821
f 874//821 884//824 885//825 875//822
f 997//811 1000//826 886//827 876//812
f 879//813 889//828 1001//829 998//814
f 999//815 1002//830 882//831 872//816
f 877//817 887//832 888//833 878//818
f 878//818 888//833 889//828 879//813
f 872//816 882//831 883//823 873//819
f 876//812 886//827 887//832 877//817
f 880//820 890//834 830//750
f 886//827 896//835 897//836 887//832
f 890//834 900//837 830//750
f 883//823 893//838 894//839 884//824
f 884//824 894//839 895//840 885//825
f 1000//826 1004//841 896//835 886//827
f 889//828 899//842 1003//843 1001//829
f 1002//830 1005//844 892//845 882//831
f 887//832 897//836 898//846 888//833
f 888//833 898//846 899//842 889//828
f 882//831 892//845 893//838 883//823
f 892//845 902//847 903//848 893//838
f 896//835 906//849 907//850 897//836
f 900//837 910//851 830//750
f 893//838 903//848 904//852 894//839
f 894//839 904//852 905//853 895//840
f 1004//841 1007//854 906//849 896//835
f 899//842 909//855 1006//856 1003//843
f 1005//844 1008//857 902//847 892//845
f 897//836 907//850 908//858 898//846
f 898//846 908//858 909//855 899//842
f 907//850 917//859 918//860 908//858
f 908//858 918//860 919//861 909//855
f 902//847 912//862 913//863 903//848
f 906//849 916//864 917//859 907//850
f 910//851 920//865 830//750
f 903//848 913//863 914//866 904//852
f 904//852 914//866 915//867 905//853
f 1007//854 1010//868 916//864 906//849
f 909//855 919//861 1009//869 1006//856
f 1008//857 1011//870 912//862 902//847
f 919//861 929//736 1012//739 1009//869
f 1011//870 1013//740 922//743 912//862
f 917//859 927//744 928//747 918//860
f 918//860 928//747 929//736 919//861
f 912//862 922//743 923//726 913//863
f 916//864 926//735 927//744 917//859
f 920//865 930//748 830//750
f 913//863 923//726 924//729 914//866
f 914//866 924//729 925//731 915//867
f 1010//868 1014//732 926//735 916//864
f 689//871 699//872 820//873 810//874
f 699//872 710//875 831//876 820//873
f 710//875 720//877 841//878 831//876
f 720//877 730//879 851//880 841//878
f 730//879 740//881 861//882 851//880
f 740//881 750//883 871//884 861//882
f 750//883 760//885 881//886 871//884
f 760//885 770//887 891//888 881//886
f 770//887 780//889 901//890 891//888
f 780//889 790//891 911//892 901//890
f 790//891 800//893 921//894 911//892
f 800//893 689//871 810//874 921//894
o vase.161_vase.1389
v -0.642083 7.429049 -0.450192
v -0.713750 7.343236 -0.497688
v -0.726594 6.103843 -0.513040
v -0.647021 5.051379 -0.449016
v -0.477651 3.831333 -0.391095
v -0.356961 2.404799 -0.235020
v -0.447932 0.771591 -0.371368
v -0.639274 0.070718 -0.461039
v -0.669199 0.070718 -0.465848
v -0.693725 0.099038 -0.480008
v -0.746836 7.429049 -0.345439
v -0.785154 7.343236 -0.422405
v -0.788601 6.103843 -0.442123
v -0.751700 5.051379 -0.346889
v -0.633983 3.831333 -0.212044
v -0.607500 2.404799 -0.016534
v -0.618108 0.771591 -0.180100
v -0.738980 0.070718 -0.353428
v -0.762492 0.070718 -0.372555
v -0.776652 0.099038 -0.397081
v -0.889932 7.429049 -0.307096
v -0.884633 7.343236 -0.392910
v -0.877760 6.103843 -0.411710
v -0.893419 5.051379 -0.310785
v -0.858895 3.831333 -0.135146
v -0.933716 2.404799 0.047412
v -0.861120 0.771591 -0.099545
v -0.879134 0.070718 -0.310088
v -0.889932 0.070718 -0.338408
v -0.889932 0.099038 -0.366728
v -1.033028 7.429049 -0.345439
v -0.985531 7.343236 -0.417106
v -0.970179 6.103843 -0.429951
v -1.034204 5.051379 -0.350377
v -1.092124 3.831333 -0.181008
v -1.248200 2.404799 -0.060318
v -1.111851 0.771591 -0.151288
v -1.022181 0.070718 -0.342630
v -1.017372 0.070718 -0.372555
v -1.003212 0.099038 -0.397081
v -1.137781 7.429049 -0.450192
v -1.060814 7.343236 -0.488510
v -1.041097 6.103843 -0.491958
v -1.136330 5.051379 -0.455057
v -1.271176 3.831333 -0.337339
v -1.466686 2.404799 -0.310857
v -1.303120 0.771591 -0.321465
v -1.129791 0.070718 -0.442337
v -1.110664 0.070718 -0.465848
v -1.086139 0.099038 -0.480008
v -1.176123 7.429049 -0.593288
v -1.090309 7.343236 -0.587989
v -1.071509 6.103843 -0.581116
v -1.172435 5.051379 -0.596776
v -1.348073 3.831333 -0.562252
v -1.530631 2.404799 -0.637073
v -1.383674 0.771591 -0.564476
v -1.173132 0.070718 -0.582490
v -1.144812 0.070718 -0.593288
v -1.116492 0.099038 -0.593288
v -1.137780 7.429049 -0.736384
v -1.066113 7.343236 -0.688888
v -1.053268 6.103843 -0.673536
v -1.132842 5.051379 -0.737560
v -1.302212 3.831333 -0.795481
v -1.422901 2.404799 -0.951557
v -1.331931 0.771591 -0.815208
v -1.140589 0.070718 -0.725537
v -1.110664 0.070718 -0.720728
v -1.086138 0.099038 -0.706568
v -1.033027 7.429049 -0.841137
v -0.994709 7.343236 -0.764170
v -0.991261 6.103843 -0.744453
v -1.028162 5.051379 -0.839687
v -1.145880 3.831333 -0.974532
v -1.172362 2.404799 -1.170042
v -1.161754 0.771591 -1.006476
v -1.040882 0.070718 -0.833148
v -1.017371 0.070718 -0.814021
v -1.003211 0.099038 -0.789495
v -0.889931 7.429049 -0.879479
v -0.895230 7.343236 -0.793665
v -0.902103 6.103843 -0.774866
v -0.886443 5.051379 -0.875791
v -0.920967 3.831333 -1.051429
v -0.846146 2.404799 -1.233987
v -0.918742 0.771591 -1.087030
v -0.900729 0.070718 -0.876488
v -0.889931 0.070718 -0.848168
v -0.889931 0.099038 -0.819848
v -0.746835 7.429049 -0.841136
v -0.794331 7.343236 -0.769469
v -0.809683 6.103843 -0.756624
v -0.745659 5.051379 -0.836198
v -0.687738 3.831333 -1.005567
v -0.531662 2.404799 -1.126257
v -0.668011 0.771591 -1.035287
v -0.757682 0.070718 -0.843945
v -0.762491 0.070718 -0.814020
v -0.776651 0.099038 -0.789494
v -0.889932 0.099038 -0.593288
v -0.642082 7.429049 -0.736382
v -0.719049 7.343236 -0.698065
v -0.738766 6.103843 -0.694617
v -0.643532 5.051379 -0.731518
v -0.508687 3.831333 -0.849235
v -0.313177 2.404799 -0.875718
v -0.476743 0.771591 -0.865110
v -0.650072 0.070718 -0.744238
v -0.669198 0.070718 -0.720727
v -0.693724 0.099038 -0.706567
v -0.603740 7.429049 -0.593286
v -0.689554 7.343236 -0.598586
v -0.708354 6.103843 -0.605459
v -0.607429 5.051379 -0.589799
v -0.431790 3.831333 -0.624322
v -0.249232 2.404799 -0.549501
v -0.396189 0.771591 -0.622098
v -0.606731 0.070718 -0.604085
v -0.635051 0.070718 -0.593287
v -0.663372 0.099038 -0.593287
v -0.589320 7.368264 -0.419915
v -0.644655 7.307675 -0.460852
v -0.650744 6.107331 -0.472663
v -0.572054 5.061680 -0.408154
v -0.403073 3.842971 -0.349881
v -0.283336 2.406384 -0.190604
v -0.373858 0.755478 -0.330761
v -0.589310 0.005604 -0.435357
v -0.693461 -0.010590 -0.479855
v -0.726073 0.021575 -0.498684
v -0.716283 7.368264 -0.292834
v -0.743735 7.307675 -0.355956
v -0.743104 6.107331 -0.369230
v -0.707211 5.061680 -0.274017
v -0.590005 3.842971 -0.139062
v -0.565947 2.406384 0.058742
v -0.574262 0.755478 -0.107895
v -0.708553 0.005604 -0.306204
v -0.776499 -0.010590 -0.396817
v -0.795328 0.021575 -0.429431
v -0.889774 7.368264 -0.246263
v -0.881987 7.307675 -0.314653
v -0.874804 6.107331 -0.325833
v -0.891325 5.061680 -0.225430
v -0.857300 3.842971 -0.049955
v -0.935367 2.406384 0.133380
v -0.859251 0.755478 -0.015091
v -0.876396 0.005604 -0.253976
v -0.889932 -0.010590 -0.366422
v -0.889932 0.021575 -0.404081
v -1.063305 7.368264 -0.292677
v -1.022367 7.307675 -0.348011
v -1.010556 6.107331 -0.354100
v -1.075066 5.061680 -0.275411
v -1.133338 3.842971 -0.106430
v -1.292616 2.406384 0.013307
v -1.152459 0.755478 -0.077214
v -1.047862 0.005604 -0.292666
v -1.003365 -0.010590 -0.396817
v -0.984535 0.021575 -0.429429
v -1.190386 7.368264 -0.419640
v -1.127263 7.307675 -0.447091
v -1.113989 6.107331 -0.446460
v -1.209202 5.061680 -0.410567
v -1.344158 3.842971 -0.293362
v -1.541962 2.406384 -0.269304
v -1.375325 0.755478 -0.277619
v -1.177016 0.005604 -0.411910
v -1.086403 -0.010590 -0.479855
v -1.053788 0.021575 -0.498685
v -1.236956 7.368264 -0.593131
v -1.168566 7.307675 -0.585343
v -1.157386 6.107331 -0.578161
v -1.257789 5.061680 -0.594681
v -1.433265 3.842971 -0.560656
v -1.616600 2.406384 -0.638724
v -1.468128 0.755478 -0.562608
v -1.229243 0.005604 -0.579753
v -1.116797 -0.010590 -0.593288
v -1.079139 0.021575 -0.593288
v -1.190542 7.368264 -0.766664
v -1.135208 7.307675 -0.725724
v -1.129119 6.107331 -0.713912
v -1.207808 5.061680 -0.778422
v -1.376789 3.842971 -0.836695
v -1.496526 2.406384 -0.995973
v -1.406005 0.755478 -0.855816
v -1.190553 0.005604 -0.751219
v -1.086402 -0.010590 -0.706721
v -1.053790 0.021575 -0.687892
v -1.063579 7.368264 -0.893742
v -1.036128 7.307675 -0.830620
v -1.036759 6.107331 -0.817346
v -1.072652 5.061680 -0.912558
v -1.189857 3.842971 -1.047514
v -1.213914 2.406384 -1.245318
v -1.205600 0.755478 -1.078681
v -1.071309 0.005604 -0.880372
v -1.003363 -0.010590 -0.789759
v -0.984534 0.021575 -0.757144
v -0.890088 7.368264 -0.940312
v -0.897876 7.307675 -0.871923
v -0.905058 6.107331 -0.860742
v -0.888538 5.061680 -0.961145
v -0.922560 3.842971 -1.136621
v -0.844495 2.406384 -1.319956
v -0.920611 0.755478 -1.171484
v -0.903466 0.005604 -0.932599
v -0.889931 -0.010590 -0.820153
v -0.889931 0.021575 -0.782495
v -0.716555 7.368264 -0.893898
v -0.757495 7.307675 -0.838564
v -0.769307 6.107331 -0.832475
v -0.704797 5.061680 -0.911165
v -0.646524 3.842971 -1.080145
v -0.487246 2.406384 -1.199882
v -0.627403 0.755478 -1.109360
v -0.732000 0.005604 -0.893909
v -0.776498 -0.010590 -0.789758
v -0.795327 0.021575 -0.757146
v -0.889932 0.013038 -0.593288
v -0.589477 7.368264 -0.766935
v -0.652599 7.307675 -0.739484
v -0.665873 6.107331 -0.740115
v -0.570661 5.061680 -0.776007
v -0.435705 3.842971 -0.893213
v -0.237901 2.406384 -0.917270
v -0.404538 0.755478 -0.908953
v -0.602847 0.005604 -0.774665
v -0.693460 -0.010590 -0.706719
v -0.726075 0.021575 -0.687890
v -0.542907 7.368264 -0.593444
v -0.611297 7.307675 -0.601232
v -0.622477 6.107331 -0.608414
v -0.522074 5.061680 -0.591893
v -0.346598 3.842971 -0.625915
v -0.163264 2.406384 -0.547850
v -0.311735 0.755478 -0.623967
v -0.550620 0.005604 -0.606822
v -0.663066 -0.010590 -0.593287
v -0.700725 0.021575 -0.593287
v -0.693725 0.099038 -0.480008
v -0.776652 0.099038 -0.397081
v -0.762492 0.070718 -0.372555
v -0.669199 0.070718 -0.465848
v -0.746836 7.429049 -0.345439
v -0.642083 7.429049 -0.450192
v -0.639274 0.070718 -0.461039
v -0.738980 0.070718 -0.353428
v -0.889932 0.099038 -0.366728
v -0.889932 0.070718 -0.338408
v -0.889932 7.429049 -0.307096
v -0.879134 0.070718 -0.310088
v -1.003212 0.099038 -0.397081
v -1.017372 0.070718 -0.372555
v -1.033028 7.429049 -0.345439
v -1.022181 0.070718 -0.342630
v -1.129791 0.070718 -0.442337
v -1.110664 0.070718 -0.465848
v -1.086139 0.099038 -0.480008
v -1.137781 7.429049 -0.450192
v -1.176123 7.429049 -0.593288
v -1.173132 0.070718 -0.582490
v -1.144812 0.070718 -0.593288
v -1.116492 0.099038 -0.593288
v -1.086138 0.099038 -0.706568
v -1.110664 0.070718 -0.720728
v -1.137780 7.429049 -0.736384
v -1.140589 0.070718 -0.725537
v -1.003211 0.099038 -0.789495
v -1.017371 0.070718 -0.814021
v -1.033027 7.429049 -0.841137
v -1.040882 0.070718 -0.833148
v -0.889931 0.099038 -0.819848
v -0.889931 0.070718 -0.848168
v -0.889931 7.429049 -0.879479
v -0.900729 0.070718 -0.876488
v -0.776651 0.099038 -0.789494
v -0.762491 0.070718 -0.814020
v -0.746835 7.429049 -0.841136
v -0.757682 0.070718 -0.843945
v -0.650072 0.070718 -0.744238
v -0.669198 0.070718 -0.720727
v -0.693724 0.099038 -0.706567
v -0.642082 7.429049 -0.736382
v -0.663372 0.099038 -0.593287
v -0.635051 0.070718 -0.593287
v -0.603740 7.429049 -0.593286
v -0.606731 0.070718 -0.604085
v -0.776499 -0.010590 -0.396817
v -0.693461 -0.010590 -0.479855
v -0.644655 7.307675 -0.460852
v -0.743735 7.307675 -0.355956
v -0.716283 7.368264 -0.292834
v -0.589320 7.368264 -0.419915
v -0.589310 0.005604 -0.435357
v -0.708553 0.005604 -0.306204
v -0.889932 -0.010590 -0.366422
v -0.881987 7.307675 -0.314653
v -0.889774 7.368264 -0.246263
v -0.876396 0.005604 -0.253976
v -1.022367 7.307675 -0.348011
v -1.003365 -0.010590 -0.396817
v -1.063305 7.368264 -0.292677
v -1.047862 0.005604 -0.292666
v -1.177016 0.005604 -0.411910
v -1.086403 -0.010590 -0.479855
v -1.127263 7.307675 -0.447091
v -1.190386 7.368264 -0.419640
v -1.168566 7.307675 -0.585343
v -1.236956 7.368264 -0.593131
v -1.229243 0.005604 -0.579753
v -1.116797 -0.010590 -0.593288
v -1.086402 -0.010590 -0.706721
v -1.135208 7.307675 -0.725724
v -1.190542 7.368264 -0.766664
v -1.190553 0.005604 -0.751219
v -1.003363 -0.010590 -0.789759
v -1.036128 7.307675 -0.830620
v -1.063579 7.368264 -0.893742
v -1.071309 0.005604 -0.880372
v -0.889931 -0.010590 -0.820153
v -0.897876 7.307675 -0.871923
v -0.890088 7.368264 -0.940312
v -0.903466 0.005604 -0.932599
v -0.757495 7.307675 -0.838564
v -0.776498 -0.010590 -0.789758
v -0.716555 7.368264 -0.893898
v -0.732000 0.005604 -0.893909
v -0.602847 0.005604 -0.774665
v -0.693460 -0.010590 -0.706719
v -0.652599 7.307675 -0.739484
v -0.589477 7.368264 -0.766935
v -0.663066 -0.010590 -0.593287
v -0.611297 7.307675 -0.601232
v -0.542907 7.368264 -0.593444
v -0.550620 0.005604 -0.606822
vn -0.9986 -0.0406 0.0344
vn -0.9925 -0.1198 0.0244
vn -0.8717 -0.1198 -0.4751
vn -0.8820 -0.0406 -0.4695
vn -0.9906 -0.1353 0.0185
vn -0.8672 -0.1353 -0.4792
vn -0.9996 -0.0184 -0.0192
vn -0.8561 -0.0184 -0.5165
vn 0.7071 0.7071 0.0000
vn 0.6124 0.7071 0.3535
vn -0.7074 0.7068 0.0018
vn -0.9100 0.4135 0.0308
vn -0.8034 0.4135 -0.4283
vn -0.6135 0.7068 -0.3521
vn -0.9820 0.1874 0.0217
vn -0.9563 0.2885 0.0467
vn -0.8516 0.2885 -0.4377
vn -0.8613 0.1874 -0.4722
vn 0.0000 1.0000 0.0000
vn -0.5114 -0.1353 -0.8486
vn -0.5173 -0.1198 -0.8473
vn -0.4832 -0.0184 -0.8753
vn 0.3535 0.7071 0.6124
vn -0.4816 0.4135 -0.7727
vn -0.3553 0.7068 -0.6117
vn -0.5186 0.2885 -0.8049
vn -0.5098 0.1874 -0.8396
vn -0.5290 -0.0406 -0.8476
vn -0.0244 -0.1198 -0.9925
vn -0.0344 -0.0406 -0.9986
vn -0.0186 -0.1353 -0.9906
vn 0.0192 -0.0184 -0.9996
vn 0.0000 0.7071 0.7071
vn -0.0308 0.4135 -0.9100
vn -0.0018 0.7068 -0.7074
vn -0.0467 0.2885 -0.9563
vn -0.0217 0.1874 -0.9820
vn 0.4695 -0.0406 -0.8820
vn 0.4283 0.4135 -0.8034
vn 0.4722 0.1874 -0.8613
vn 0.5165 -0.0184 -0.8561
vn 0.4751 -0.1198 -0.8717
vn 0.4792 -0.1353 -0.8672
vn -0.3535 0.7071 0.6124
vn 0.3521 0.7068 -0.6135
vn 0.4377 0.2885 -0.8516
vn 0.8049 0.2885 -0.5186
vn 0.8396 0.1874 -0.5098
vn 0.8476 -0.0406 -0.5290
vn 0.7727 0.4135 -0.4816
vn 0.8753 -0.0184 -0.4832
vn 0.8473 -0.1198 -0.5173
vn 0.8486 -0.1353 -0.5114
vn -0.6124 0.7071 0.3535
vn 0.6117 0.7068 -0.3553
vn 0.9100 0.4135 -0.0308
vn 0.7074 0.7068 -0.0018
vn 0.9563 0.2885 -0.0467
vn 0.9820 0.1874 -0.0217
vn 0.9986 -0.0406 -0.0344
vn 0.9996 -0.0184 0.0192
vn 0.9925 -0.1198 -0.0244
vn 0.9906 -0.1353 -0.0186
vn -0.7071 0.7071 0.0000
vn 0.8561 -0.0184 0.5165
vn 0.8672 -0.1353 0.4792
vn -0.6124 0.7071 -0.3535
vn 0.8034 0.4135 0.4283
vn 0.6135 0.7068 0.3521
vn 0.8516 0.2885 0.4377
vn 0.8613 0.1874 0.4722
vn 0.8820 -0.0406 0.4695
vn 0.8717 -0.1198 0.4751
vn 0.5173 -0.1198 0.8473
vn 0.5290 -0.0406 0.8476
vn 0.5114 -0.1353 0.8486
vn 0.4832 -0.0184 0.8753
vn -0.3535 0.7071 -0.6124
vn 0.4816 0.4135 0.7727
vn 0.3553 0.7068 0.6117
vn 0.5186 0.2885 0.8049
vn 0.5098 0.1874 0.8396
vn 0.0217 0.1874 0.9820
vn -0.0192 -0.0184 0.9996
vn 0.0244 -0.1198 0.9925
vn 0.0344 -0.0406 0.9986
vn 0.0185 -0.1353 0.9906
vn 0.0000 0.7071 -0.7071
vn 0.0308 0.4135 0.9100
vn 0.0018 0.7068 0.7074
vn 0.0467 0.2885 0.9563
vn -0.4695 -0.0406 0.8820
vn -0.4283 0.4135 0.8034
vn -0.4722 0.1874 0.8613
vn -0.5165 -0.0184 0.8561
vn -0.4751 -0.1198 0.8717
vn -0.4792 -0.1353 0.8672
vn 0.3535 0.7071 -0.6124
vn -0.3521 0.7068 0.6135
vn -0.4377 0.2885 0.8516
vn -0.8049 0.2885 0.5186
vn -0.8396 0.1874 0.5098
vn -0.8476 -0.0406 0.5290
vn -0.7727 0.4135 0.4816
vn -0.8753 -0.0184 0.4832
vn -0.8473 -0.1198 0.5173
vn -0.8486 -0.1353 0.5114
vn 0.6124 0.7071 -0.3535
vn -0.6117 0.7068 0.3553
vn 0.9984 0.0435 -0.0341
vn 0.8817 0.0435 0.4697
vn 0.8717 0.1198 0.4752
vn 0.9925 0.1198 -0.0243
vn 0.8670 0.1351 0.4797
vn 0.9907 0.1351 -0.0180
vn 0.8568 0.0183 0.5153
vn 0.9997 0.0183 0.0179
vn -0.6495 -0.7604 0.0000
vn -0.5624 -0.7604 -0.3247
vn -0.3268 -0.9261 -0.1887
vn -0.3773 -0.9261 0.0000
vn 0.6637 -0.7479 0.0023
vn 0.5737 -0.7479 0.3338
vn 0.5842 -0.7479 0.3152
vn 0.6635 -0.7479 -0.0191
vn 0.9806 -0.1950 -0.0212
vn 0.8598 -0.1950 0.4719
vn 0.8463 -0.3041 0.4373
vn 0.9516 -0.3041 -0.0444
vn 0.1421 -0.9898 -0.0057
vn 0.1259 -0.9898 0.0661
vn 0.1236 -0.9898 0.0703
vn 0.1422 -0.9898 -0.0009
vn 0.9991 -0.0090 -0.0412
vn 0.8858 -0.0090 0.4639
vn 0.0000 -1.0000 0.0000
vn 0.5173 0.1198 0.8474
vn 0.5109 0.1351 0.8489
vn 0.4843 0.0183 0.8747
vn -0.3247 -0.7604 -0.5624
vn -0.1886 -0.9261 -0.3268
vn 0.3299 -0.7479 0.5759
vn 0.3483 -0.7479 0.5650
vn 0.5087 -0.1950 0.8386
vn 0.5142 -0.3041 0.8019
vn 0.0760 -0.9898 0.1202
vn 0.0719 -0.9898 0.1227
vn 0.5352 -0.0090 0.8447
vn 0.5287 0.0435 0.8477
vn 0.0000 -0.9261 -0.3773
vn 0.0341 0.0435 0.9984
vn 0.0243 0.1198 0.9925
vn 0.0180 0.1351 0.9907
vn -0.0179 0.0183 0.9997
vn 0.0000 -0.7604 -0.6495
vn -0.0023 -0.7479 0.6637
vn 0.0191 -0.7479 0.6635
vn 0.0212 -0.1950 0.9806
vn 0.0444 -0.3041 0.9516
vn 0.0057 -0.9898 0.1421
vn 0.0009 -0.9898 0.1422
vn 0.0412 -0.0090 0.9991
vn -0.4639 -0.0090 0.8858
vn -0.4697 0.0435 0.8817
vn -0.5153 0.0183 0.8568
vn -0.4719 -0.1950 0.8598
vn 0.1887 -0.9261 -0.3268
vn -0.4752 0.1198 0.8717
vn -0.4797 0.1351 0.8670
vn 0.3247 -0.7604 -0.5624
vn -0.3338 -0.7479 0.5737
vn -0.3152 -0.7479 0.5842
vn -0.4373 -0.3041 0.8463
vn -0.0661 -0.9898 0.1259
vn -0.0703 -0.9898 0.1236
vn -0.8386 -0.1950 0.5087
vn -0.8019 -0.3041 0.5142
vn -0.1202 -0.9898 0.0760
vn -0.1227 -0.9898 0.0719
vn -0.8447 -0.0090 0.5352
vn -0.8477 0.0435 0.5287
vn -0.8747 0.0183 0.4843
vn 0.3268 -0.9261 -0.1886
vn -0.8474 0.1198 0.5173
vn -0.8489 0.1351 0.5109
vn 0.5624 -0.7604 -0.3247
vn -0.5759 -0.7479 0.3299
vn -0.5650 -0.7479 0.3483
vn -0.6637 -0.7479 -0.0023
vn -0.6635 -0.7479 0.0191
vn -0.9806 -0.1950 0.0212
vn -0.9516 -0.3041 0.0444
vn -0.1421 -0.9898 0.0057
vn -0.1422 -0.9898 0.0009
vn -0.9991 -0.0090 0.0412
vn -0.9984 0.0435 0.0341
vn -0.9997 0.0183 -0.0179
vn 0.3773 -0.9261 0.0000
vn -0.9925 0.1198 0.0243
vn -0.9907 0.1351 0.0180
vn 0.6495 -0.7604 0.0000
vn -0.8670 0.1351 -0.4797
vn -0.8568 0.0183 -0.5153
vn 0.5624 -0.7604 0.3247
vn 0.3268 -0.9261 0.1887
vn -0.5737 -0.7479 -0.3338
vn -0.5841 -0.7479 -0.3151
vn -0.8598 -0.1950 -0.4719
vn -0.8463 -0.3041 -0.4373
vn -0.1259 -0.9898 -0.0661
vn -0.1236 -0.9898 -0.0703
vn -0.8858 -0.0090 -0.4639
vn -0.8817 0.0435 -0.4697
vn -0.8717 0.1198 -0.4752
vn -0.5287 0.0435 -0.8477
vn -0.5173 0.1198 -0.8474
vn -0.5109 0.1351 -0.8489
vn -0.4843 0.0183 -0.8747
vn 0.3247 -0.7604 0.5624
vn 0.1886 -0.9261 0.3268
vn -0.3299 -0.7479 -0.5759
vn -0.3483 -0.7479 -0.5650
vn -0.5087 -0.1950 -0.8386
vn -0.5142 -0.3041 -0.8019
vn -0.0760 -0.9898 -0.1202
vn -0.0719 -0.9898 -0.1227
vn -0.5352 -0.0090 -0.8447
vn 0.0179 0.0183 -0.9997
vn -0.0212 -0.1950 -0.9806
vn 0.0000 -0.9261 0.3773
vn -0.0341 0.0435 -0.9984
vn -0.0243 0.1198 -0.9925
vn -0.0180 0.1351 -0.9907
vn 0.0000 -0.7604 0.6495
vn 0.0023 -0.7479 -0.6637
vn -0.0191 -0.7479 -0.6635
vn -0.0444 -0.3041 -0.9516
vn -0.0057 -0.9898 -0.1421
vn -0.0009 -0.9898 -0.1422
vn -0.0412 -0.0090 -0.9991
vn 0.4639 -0.0090 -0.8858
vn 0.4697 0.0435 -0.8817
vn 0.5153 0.0183 -0.8568
vn 0.4719 -0.1950 -0.8598
vn -0.1887 -0.9261 0.3268
vn 0.4752 0.1198 -0.8717
vn 0.4797 0.1351 -0.8670
vn -0.3247 -0.7604 0.5624
vn 0.3338 -0.7479 -0.5737
vn 0.3151 -0.7479 -0.5841
vn 0.4373 -0.3041 -0.8463
vn 0.0661 -0.9898 -0.1259
vn 0.0703 -0.9898 -0.1236
vn 0.8386 -0.1950 -0.5086
vn 0.8019 -0.3041 -0.5142
vn 0.1202 -0.9898 -0.0760
vn 0.1227 -0.9898 -0.0719
vn 0.8447 -0.0090 -0.5352
vn 0.8477 0.0435 -0.5287
vn 0.8747 0.0183 -0.4843
vn -0.3268 -0.9261 0.1886
vn 0.8474 0.1198 -0.5173
vn 0.8489 0.1351 -0.5109
vn -0.5624 -0.7604 0.3247
vn 0.5759 -0.7479 -0.3299
vn 0.5650 -0.7479 -0.3483
vn 0.6121 0.7074 0.3534
vn 0.3534 0.7074 0.6121
vn 0.3537 0.7074 0.6119
vn 0.6123 0.7074 0.3531
vn 0.0000 0.7074 0.7068
vn 0.0004 0.7074 0.7068
vn -0.3534 0.7074 0.6121
vn -0.3531 0.7074 0.6123
vn -0.6121 0.7074 0.3534
vn -0.6119 0.7074 0.3537
vn -0.7068 0.7074 0.0000
vn -0.7068 0.7074 0.0004
vn -0.6121 0.7074 -0.3534
vn -0.6123 0.7074 -0.3531
vn -0.3534 0.7074 -0.6121
vn -0.3537 0.7074 -0.6119
vn 0.0000 0.7074 -0.7068
vn -0.0004 0.7074 -0.7068
vn 0.3534 0.7074 -0.6121
vn 0.3531 0.7074 -0.6123
vn 0.6121 0.7074 -0.3534
vn 0.6119 0.7074 -0.3537
vn 0.7068 0.7074 0.0000
vn 0.7068 0.7074 -0.0004
usemtl Material.001
s 1
f 1128//895 1129//896 1018//897 1017//898
f 1129//896 1130//899 1019//900 1018//897
f 1130//899 1131//901 1020//902 1019//900
f 1302//903 1301//903 1257//904 1260//904
f 1303//905 1127//906 1016//907 1262//908
f 1132//909 1304//910 1263//911 1021//912
f 1133//913 1134//913 1023//913 1022//913
f 1127//906 1128//895 1017//898 1016//907
f 1131//901 1132//909 1021//912 1020//902
f 1135//913 1115//913 1024//913
f 1018//897 1019//900 1029//914 1028//915
f 1019//900 1020//902 1030//916 1029//914
f 1260//904 1257//904 1258//917 1259//917
f 1262//908 1016//907 1026//918 1261//919
f 1021//912 1263//911 1264//920 1031//921
f 1022//913 1023//913 1033//913 1032//913
f 1016//907 1017//898 1027//922 1026//918
f 1020//902 1021//912 1031//921 1030//916
f 1024//913 1115//913 1034//913
f 1017//898 1018//897 1028//915 1027//922
f 1034//913 1115//913 1044//913
f 1027//922 1028//915 1038//923 1037//924
f 1028//915 1029//914 1039//925 1038//923
f 1029//914 1030//916 1040//926 1039//925
f 1259//917 1258//917 1265//927 1266//927
f 1261//919 1026//918 1036//928 1267//929
f 1031//921 1264//920 1268//930 1041//931
f 1032//913 1033//913 1043//913 1042//913
f 1026//918 1027//922 1037//924 1036//928
f 1030//916 1031//921 1041//931 1040//926
f 1036//928 1037//924 1047//932 1046//933
f 1040//926 1041//931 1051//934 1050//935
f 1044//913 1115//913 1054//913
f 1037//924 1038//923 1048//936 1047//932
f 1038//923 1039//925 1049//937 1048//936
f 1039//925 1040//926 1050//935 1049//937
f 1266//927 1265//927 1269//938 1270//938
f 1267//929 1036//928 1046//933 1271//939
f 1041//931 1268//930 1272//940 1051//934
f 1042//913 1043//913 1053//913 1052//913
f 1051//934 1272//940 1273//941 1061//942
f 1052//913 1053//913 1063//913 1062//913
f 1046//933 1047//932 1057//943 1056//944
f 1050//935 1051//934 1061//942 1060//945
f 1054//913 1115//913 1064//913
f 1047//932 1048//936 1058//946 1057//943
f 1048//936 1049//937 1059//947 1058//946
f 1049//937 1050//935 1060//945 1059//947
f 1270//938 1269//938 1275//948 1274//948
f 1271//939 1046//933 1056//944 1276//949
f 1276//949 1056//944 1066//950 1277//951
f 1061//942 1273//941 1278//952 1071//953
f 1062//913 1063//913 1073//913 1072//913
f 1056//944 1057//943 1067//954 1066//950
f 1060//945 1061//942 1071//953 1070//955
f 1064//913 1115//913 1074//913
f 1057//943 1058//946 1068//956 1067//954
f 1058//946 1059//947 1069//957 1068//956
f 1059//947 1060//945 1070//955 1069//957
f 1274//948 1275//948 1280//958 1279//958
f 1069//957 1070//955 1080//959 1079//960
f 1279//958 1280//958 1281//961 1282//961
f 1277//951 1066//950 1076//962 1283//963
f 1071//953 1278//952 1284//964 1081//965
f 1072//913 1073//913 1083//913 1082//913
f 1066//950 1067//954 1077//966 1076//962
f 1070//955 1071//953 1081//965 1080//959
f 1074//913 1115//913 1084//913
f 1067//954 1068//956 1078//967 1077//966
f 1068//956 1069//957 1079//960 1078//967
f 1077//966 1078//967 1088//968 1087//969
f 1078//967 1079//960 1089//970 1088//968
f 1079//960 1080//959 1090//971 1089//970
f 1282//961 1281//961 1285//972 1286//972
f 1283//963 1076//962 1086//973 1287//974
f 1081//965 1284//964 1288//975 1091//976
f 1082//913 1083//913 1093//913 1092//913
f 1076//962 1077//966 1087//969 1086//973
f 1080//959 1081//965 1091//976 1090//971
f 1084//913 1115//913 1094//913
f 1090//971 1091//976 1101//977 1100//978
f 1094//913 1115//913 1104//913
f 1087//969 1088//968 1098//979 1097//980
f 1088//968 1089//970 1099//981 1098//979
f 1089//970 1090//971 1100//978 1099//981
f 1286//972 1285//972 1289//982 1290//982
f 1287//974 1086//973 1096//983 1291//984
f 1091//976 1288//975 1292//985 1101//977
f 1092//913 1093//913 1103//913 1102//913
f 1086//973 1087//969 1097//980 1096//983
f 1096//983 1097//980 1107//986 1106//987
f 1100//978 1101//977 1111//988 1110//989
f 1104//913 1115//913 1293//913
f 1097//980 1098//979 1108//990 1107//986
f 1098//979 1099//981 1109//991 1108//990
f 1099//981 1100//978 1110//989 1109//991
f 1290//982 1289//982 1114//992 1294//992
f 1291//984 1096//983 1106//987 1295//993
f 1101//977 1292//985 1296//994 1111//988
f 1102//913 1103//913 1113//913 1112//913
f 1111//988 1296//994 1297//995 1122//996
f 1112//913 1113//913 1124//913 1123//913
f 1106//987 1107//986 1118//997 1117//998
f 1110//989 1111//988 1122//996 1121//999
f 1293//913 1115//913 1125//913
f 1107//986 1108//990 1119//1000 1118//997
f 1108//990 1109//991 1120//1001 1119//1000
f 1109//991 1110//989 1121//999 1120//1001
f 1294//992 1114//992 1299//1002 1298//1002
f 1295//993 1106//987 1117//998 1300//1003
f 1298//1002 1299//1002 1301//903 1302//903
f 1300//1003 1117//998 1127//906 1303//905
f 1122//996 1297//995 1304//910 1132//909
f 1123//913 1124//913 1134//913 1133//913
f 1117//998 1118//997 1128//895 1127//906
f 1121//999 1122//996 1132//909 1131//901
f 1125//913 1115//913 1135//913
f 1118//997 1119//1000 1129//896 1128//895
f 1119//1000 1120//1001 1130//899 1129//896
f 1120//1001 1121//999 1131//901 1130//899
f 1249//1004 1138//1005 1139//1006 1250//1007
f 1250//1007 1139//1006 1140//1008 1251//1009
f 1251//1009 1140//1008 1141//1010 1252//1011
f 1349//1012 1306//1013 1145//1014 1256//1015
f 1351//1016 1310//1017 1307//1018 1350//1019
f 1253//1020 1142//1021 1311//1022 1352//1023
f 1254//1024 1143//1025 1144//1026 1255//1027
f 1248//1028 1137//1029 1138//1005 1249//1004
f 1252//1011 1141//1010 1142//1021 1253//1020
f 1256//1015 1145//1014 1236//1030
f 1139//1006 1149//1031 1150//1032 1140//1008
f 1140//1008 1150//1032 1151//1033 1141//1010
f 1306//1013 1305//1034 1155//1035 1145//1014
f 1310//1017 1309//1036 1308//1037 1307//1018
f 1142//1021 1152//1038 1312//1039 1311//1022
f 1143//1025 1153//1040 1154//1041 1144//1026
f 1137//1029 1147//1042 1148//1043 1138//1005
f 1141//1010 1151//1033 1152//1038 1142//1021
f 1145//1014 1155//1035 1236//1030
f 1138//1005 1148//1043 1149//1031 1139//1006
f 1155//1035 1165//1044 1236//1030
f 1148//1043 1158//1045 1159//1046 1149//1031
f 1149//1031 1159//1046 1160//1047 1150//1032
f 1150//1032 1160//1047 1161//1048 1151//1033
f 1305//1034 1313//1049 1165//1044 1155//1035
f 1309//1036 1315//1050 1314//1051 1308//1037
f 1152//1038 1162//1052 1316//1053 1312//1039
f 1153//1040 1163//1054 1164//1055 1154//1041
f 1147//1042 1157//1056 1158//1045 1148//1043
f 1151//1033 1161//1048 1162//1052 1152//1038
f 1157//1056 1167//1057 1168//1058 1158//1045
f 1161//1048 1171//1059 1172//1060 1162//1052
f 1165//1044 1175//1061 1236//1030
f 1158//1045 1168//1058 1169//1062 1159//1046
f 1159//1046 1169//1062 1170//1063 1160//1047
f 1160//1047 1170//1063 1171//1059 1161//1048
f 1313//1049 1318//1064 1175//1061 1165//1044
f 1315//1050 1319//1065 1317//1066 1314//1051
f 1162//1052 1172//1060 1320//1067 1316//1053
f 1163//1054 1173//1068 1174//1069 1164//1055
f 1172//1060 1182//1070 1321//1071 1320//1067
f 1173//1068 1183//1072 1184//1073 1174//1069
f 1167//1057 1177//1074 1178//1075 1168//1058
f 1171//1059 1181//1076 1182//1070 1172//1060
f 1175//1061 1185//1077 1236//1030
f 1168//1058 1178//1075 1179//1078 1169//1062
f 1169//1062 1179//1078 1180//1079 1170//1063
f 1170//1063 1180//1079 1181//1076 1171//1059
f 1318//1064 1322//1080 1185//1077 1175//1061
f 1319//1065 1324//1081 1323//1082 1317//1066
f 1324//1081 1326//1083 1325//1084 1323//1082
f 1182//1070 1192//1085 1327//1086 1321//1071
f 1183//1072 1193//1087 1194//1088 1184//1073
f 1177//1074 1187//1089 1188//1090 1178//1075
f 1181//1076 1191//1091 1192//1085 1182//1070
f 1185//1077 1195//1092 1236//1030
f 1178//1075 1188//1090 1189//1093 1179//1078
f 1179//1078 1189//1093 1190//1094 1180//1079
f 1180//1079 1190//1094 1191//1091 1181//1076
f 1322//1080 1328//1095 1195//1092 1185//1077
f 1190//1094 1200//1096 1201//1097 1191//1091
f 1328//1095 1329//1098 1205//1099 1195//1092
f 1326//1083 1331//1100 1330//1101 1325//1084
f 1192//1085 1202//1102 1332//1103 1327//1086
f 1193//1087 1203//1104 1204//1105 1194//1088
f 1187//1089 1197//1106 1198//1107 1188//1090
f 1191//1091 1201//1097 1202//1102 1192//1085
f 1195//1092 1205//1099 1236//1030
f 1188//1090 1198//1107 1199//1108 1189//1093
f 1189//1093 1199//1108 1200//1096 1190//1094
f 1198//1107 1208//1109 1209//1110 1199//1108
f 1199//1108 1209//1110 1210//1111 1200//1096
f 1200//1096 1210//1111 1211//1112 1201//1097
f 1329//1098 1333//1113 1215//1114 1205//1099
f 1331//1100 1335//1115 1334//1116 1330//1101
f 1202//1102 1212//1117 1336//1118 1332//1103
f 1203//1104 1213//1119 1214//1120 1204//1105
f 1197//1106 1207//1121 1208//1109 1198//1107
f 1201//1097 1211//1112 1212//1117 1202//1102
f 1205//1099 1215//1114 1236//1030
f 1211//1112 1221//1122 1222//1123 1212//1117
f 1215//1114 1225//1124 1236//1030
f 1208//1109 1218//1125 1219//1126 1209//1110
f 1209//1110 1219//1126 1220//1127 1210//1111
f 1210//1111 1220//1127 1221//1122 1211//1112
f 1333//1113 1337//1128 1225//1124 1215//1114
f 1335//1115 1339//1129 1338//1130 1334//1116
f 1212//1117 1222//1123 1340//1131 1336//1118
f 1213//1119 1223//1132 1224//1133 1214//1120
f 1207//1121 1217//1134 1218//1125 1208//1109
f 1217//1134 1227//1135 1228//1136 1218//1125
f 1221//1122 1231//1137 1232//1138 1222//1123
f 1225//1124 1235//1139 1236//1030
f 1218//1125 1228//1136 1229//1140 1219//1126
f 1219//1126 1229//1140 1230//1141 1220//1127
f 1220//1127 1230//1141 1231//1137 1221//1122
f 1337//1128 1342//1142 1235//1139 1225//1124
f 1339//1129 1343//1143 1341//1144 1338//1130
f 1222//1123 1232//1138 1344//1145 1340//1131
f 1223//1132 1233//1146 1234//1147 1224//1133
f 1232//1138 1243//1148 1345//1149 1344//1145
f 1233//1146 1244//1150 1245//1151 1234//1147
f 1227//1135 1238//1152 1239//1153 1228//1136
f 1231//1137 1242//1154 1243//1148 1232//1138
f 1235//1139 1246//1155 1236//1030
f 1228//1136 1239//1153 1240//1156 1229//1140
f 1229//1140 1240//1156 1241//1157 1230//1141
f 1230//1141 1241//1157 1242//1154 1231//1137
f 1342//1142 1346//1158 1246//1155 1235//1139
f 1343//1143 1348//1159 1347//1160 1341//1144
f 1346//1158 1349//1012 1256//1015 1246//1155
f 1348//1159 1351//1016 1350//1019 1347//1160
f 1243//1148 1253//1020 1352//1023 1345//1149
f 1244//1150 1254//1024 1255//1027 1245//1151
f 1238//1152 1248//1028 1249//1004 1239//1153
f 1242//1154 1252//1011 1253//1020 1243//1148
f 1246//1155 1256//1015 1236//1030
f 1239//1153 1249//1004 1250//1007 1240//1156
f 1240//1156 1250//1007 1251//1009 1241//1157
f 1241//1157 1251//1009 1252//1011 1242//1154
f 1015//1161 1025//1162 1146//1163 1136//1164
f 1025//1162 1035//1165 1156//1166 1146//1163
f 1035//1165 1045//1167 1166//1168 1156//1166
f 1045//1167 1055//1169 1176//1170 1166//1168
f 1055//1169 1065//1171 1186//1172 1176//1170
f 1065//1171 1075//1173 1196//1174 1186//1172
f 1075//1173 1085//1175 1206//1176 1196//1174
f 1085//1175 1095//1177 1216//1178 1206//1176
f 1095//1177 1105//1179 1226//1180 1216//1178
f 1105//1179 1116//1181 1237//1182 1226//1180
f 1116//1181 1126//1183 1247//1184 1237//1182
f 1126//1183 1015//1161 1136//1164 1247//1184
o vase.159_vase.1387
v -3.933277 0.164638 -0.230723
v -3.304369 2.803475 0.132378
v -3.523762 2.556596 0.018618
v -3.634461 2.238599 -0.050006
v -3.296102 1.796168 0.138735
v -2.836662 1.323124 0.403143
v -2.436301 0.805104 0.780289
v -2.766153 0.433742 0.540477
v -3.241357 0.081809 0.227405
v -3.287693 0.081809 0.142006
v -3.359425 0.164638 0.100591
v -3.570177 2.803475 0.398186
v -3.703297 2.556596 0.189970
v -3.764853 2.238599 0.075191
v -3.566196 1.796168 0.407824
v -3.300514 1.323124 0.866529
v -3.142364 0.805104 1.393328
v -3.308119 0.433742 1.020718
v -3.563121 0.081809 0.511988
v -3.560549 0.081809 0.414862
v -3.601964 0.164638 0.343130
v -3.933278 2.803475 0.495478
v -3.944456 2.556596 0.248598
v -3.940375 2.238599 0.118418
v -3.934650 1.796168 0.505816
v -3.933915 1.323124 1.035907
v -4.060352 0.805104 1.571203
v -4.017595 0.433742 1.165636
v -3.984068 0.081809 0.597562
v -3.933278 0.081809 0.514734
v -3.933278 0.164638 0.431905
v -4.296379 2.803475 0.398185
v -4.182619 2.556596 0.178792
v -4.113995 2.238599 0.068093
v -4.302735 1.796168 0.406452
v -4.567145 1.323124 0.865891
v -4.944291 0.805104 1.266253
v -4.704478 0.433742 0.936400
v -4.391407 0.081809 0.461197
v -4.306006 0.081809 0.414861
v -4.264592 0.164638 0.343129
v -4.562186 2.803475 0.132376
v -4.353971 2.556596 -0.000743
v -4.239191 2.238599 -0.062299
v -4.571825 1.796168 0.136358
v -5.030530 1.323124 0.402039
v -5.557329 0.805104 0.560188
v -5.184719 0.433742 0.394434
v -4.675989 0.081809 0.139433
v -4.578862 0.081809 0.142004
v -4.507131 0.164638 0.100590
v -4.659478 2.803475 -0.230724
v -4.412599 2.556596 -0.241902
v -4.282419 2.238599 -0.237821
v -4.669816 1.796168 -0.232096
v -5.199907 1.323124 -0.231362
v -5.735203 0.805104 -0.357800
v -5.329636 0.433742 -0.315042
v -4.761562 0.081809 -0.281515
v -4.678734 0.081809 -0.230725
v -4.595905 0.164638 -0.230724
v -4.562185 2.803475 -0.593825
v -4.342793 2.556596 -0.480065
v -4.232094 2.238599 -0.411440
v -4.570452 1.796168 -0.600182
v -5.029891 1.323124 -0.864591
v -5.430252 0.805104 -1.241738
v -5.100399 0.433742 -1.001925
v -4.625197 0.081809 -0.688853
v -4.578861 0.081809 -0.603453
v -4.507129 0.164638 -0.562039
v -4.296376 2.803475 -0.859632
v -4.163257 2.556596 -0.651417
v -4.101701 2.238599 -0.536637
v -4.300357 1.796168 -0.869271
v -4.566038 1.323124 -1.327976
v -4.724187 0.805104 -1.854775
v -4.558434 0.433742 -1.482165
v -4.303432 0.081809 -0.973435
v -4.306004 0.081809 -0.876308
v -4.264590 0.164638 -0.804577
v -3.933275 2.803475 -0.956923
v -3.922098 2.556596 -0.710044
v -3.926179 2.238599 -0.579864
v -3.931904 1.796168 -0.967262
v -3.932637 1.323124 -1.497352
v -3.806199 0.805104 -2.032648
v -3.848957 0.433742 -1.627082
v -3.882485 0.081809 -1.059008
v -3.933275 0.081809 -0.976179
v -3.933275 0.164638 -0.893351
v -3.570175 2.803475 -0.859630
v -3.683935 2.556596 -0.640238
v -3.752560 2.238599 -0.529539
v -3.563818 1.796168 -0.867897
v -3.299408 1.323124 -1.327336
v -2.922261 0.805104 -1.727696
v -3.162074 0.433742 -1.397844
v -3.475147 0.081809 -0.922642
v -3.560547 0.081809 -0.876306
v -3.601961 0.164638 -0.804574
v -3.304368 2.803475 -0.593821
v -3.512583 2.556596 -0.460702
v -3.627363 2.238599 -0.399146
v -3.294729 1.796168 -0.597802
v -2.836024 1.323124 -0.863482
v -2.309225 0.805104 -1.021631
v -2.681835 0.433742 -0.855878
v -3.190565 0.081809 -0.600877
v -3.287692 0.081809 -0.603449
v -3.359423 0.164638 -0.562035
v -3.207077 2.803475 -0.230720
v -3.453956 2.556596 -0.219543
v -3.584136 2.238599 -0.223625
v -3.196739 1.796168 -0.229348
v -2.666648 1.323124 -0.230081
v -2.131352 0.805104 -0.103642
v -2.536919 0.433742 -0.146401
v -3.104993 0.081809 -0.179929
v -3.187821 0.081809 -0.230720
v -3.270649 0.164638 -0.230720
v -3.933277 0.078638 -0.230723
v -3.251791 2.742679 0.162957
v -3.463244 2.507634 0.055165
v -3.561925 2.254121 -0.006493
v -3.243676 1.857130 0.169243
v -2.786247 1.386117 0.432906
v -2.364893 0.804106 0.828201
v -2.722260 0.365726 0.569510
v -3.218806 0.000174 0.242326
v -3.311955 0.000502 0.127998
v -3.391775 0.087175 0.081915
v -3.539934 2.742679 0.450958
v -3.669162 2.507634 0.251882
v -3.723791 2.254121 0.149141
v -3.536047 1.857130 0.460458
v -3.271736 1.386117 0.917512
v -3.104481 0.804106 1.470525
v -3.284626 0.365726 1.067808
v -3.551053 0.000174 0.536187
v -3.574557 0.000502 0.390600
v -3.620640 0.087175 0.310779
v -3.933472 2.742679 0.556303
v -3.945847 2.507634 0.319284
v -3.941789 2.254121 0.202993
v -3.934857 1.857130 0.566473
v -3.934482 1.386117 1.094448
v -4.066140 0.804106 1.657001
v -4.020792 0.365726 1.218165
v -3.985714 0.000174 0.624553
v -3.933278 0.000502 0.486719
v -3.933278 0.087175 0.394552
v -4.326958 2.742679 0.450763
v -4.219166 2.507634 0.239310
v -4.157507 2.254121 0.140629
v -4.333244 1.857130 0.458878
v -4.596908 1.386117 0.916307
v -4.992203 0.804106 1.337660
v -4.733514 0.365726 0.980294
v -4.406327 0.000174 0.483748
v -4.291999 0.000502 0.390599
v -4.245916 0.087175 0.310779
v -4.614959 2.742679 0.162619
v -4.415883 2.507634 0.033392
v -4.313142 2.254121 -0.021237
v -4.624459 1.857130 0.166506
v -5.081512 1.386117 0.430817
v -5.634526 0.804106 0.598072
v -5.231810 0.365726 0.417927
v -4.700188 0.000174 0.151501
v -4.554601 0.000502 0.127997
v -4.474780 0.087175 0.081913
v -4.720303 2.742679 -0.230919
v -4.483284 2.507634 -0.243293
v -4.366993 2.254121 -0.239235
v -4.730473 1.857130 -0.232303
v -5.258449 1.386117 -0.231929
v -5.821001 0.804106 -0.363587
v -5.382165 0.365726 -0.318239
v -4.788554 0.000174 -0.283160
v -4.650719 0.000502 -0.230725
v -4.558552 0.087175 -0.230724
v -4.614763 2.742679 -0.624404
v -4.403310 2.507634 -0.516612
v -4.304629 2.254121 -0.454954
v -4.622878 1.857130 -0.630690
v -5.080307 1.386117 -0.894354
v -5.501659 0.804106 -1.289650
v -5.144293 0.365726 -1.030961
v -4.647748 0.000174 -0.703773
v -4.554599 0.000502 -0.589445
v -4.474779 0.087175 -0.543362
v -4.326619 2.742679 -0.912405
v -4.197392 2.507634 -0.713328
v -4.142760 2.254121 -0.610588
v -4.330506 1.857130 -0.921905
v -4.594817 1.386117 -1.378959
v -4.762070 0.804106 -1.931972
v -4.581926 0.365726 -1.529256
v -4.315500 0.000174 -0.997634
v -4.291996 0.000502 -0.852046
v -4.245913 0.087175 -0.772226
v -3.933081 2.742679 -1.017748
v -3.920707 2.507634 -0.780730
v -3.924765 2.254121 -0.664439
v -3.931696 1.857130 -1.027919
v -3.932070 1.386117 -1.555894
v -3.800411 0.804106 -2.118446
v -3.845760 0.365726 -1.679610
v -3.880839 0.000174 -1.085999
v -3.933275 0.000502 -0.948165
v -3.933275 0.087175 -0.855998
v -3.539596 2.742679 -0.912208
v -3.647388 2.507634 -0.700755
v -3.709046 2.254121 -0.602075
v -3.533310 1.857130 -0.920323
v -3.269645 1.386117 -1.377752
v -2.874349 0.804106 -1.799103
v -3.133038 0.365726 -1.441738
v -3.460226 0.000174 -0.945193
v -3.574554 0.000502 -0.852044
v -3.620638 0.087175 -0.772224
v -3.251595 2.742679 -0.624064
v -3.450672 2.507634 -0.494837
v -3.553413 2.254121 -0.440205
v -3.242095 1.857130 -0.627951
v -2.785041 1.386117 -0.892261
v -2.232028 0.804106 -1.059514
v -2.634744 0.365726 -0.879370
v -3.166366 0.000174 -0.612945
v -3.311954 0.000502 -0.589441
v -3.391774 0.087175 -0.543358
v -3.146252 2.742679 -0.230526
v -3.383271 2.507634 -0.218152
v -3.499561 2.254121 -0.222210
v -3.136082 1.857130 -0.229141
v -2.608107 1.386117 -0.229514
v -2.045555 0.804106 -0.097855
v -2.484390 0.365726 -0.143204
v -3.078001 0.000174 -0.178284
v -3.215836 0.000502 -0.230720
v -3.308002 0.087175 -0.230720
v -2.436301 0.805104 0.780289
v -3.142364 0.805104 1.393328
v -3.359425 0.164638 0.100591
v -3.601964 0.164638 0.343130
v -3.560549 0.081809 0.414862
v -3.287693 0.081809 0.142006
v -3.570177 2.803475 0.398186
v -3.304369 2.803475 0.132378
v -3.634461 2.238599 -0.050006
v -3.764853 2.238599 0.075191
v -3.933278 0.164638 0.431905
v -3.940375 2.238599 0.118418
v -4.060352 0.805104 1.571203
v -3.933278 0.081809 0.514734
v -3.933278 2.803475 0.495478
v -4.113995 2.238599 0.068093
v -4.944291 0.805104 1.266253
v -4.264592 0.164638 0.343129
v -4.306006 0.081809 0.414861
v -4.296379 2.803475 0.398185
v -4.578862 0.081809 0.142004
v -4.239191 2.238599 -0.062299
v -5.557329 0.805104 0.560188
v -4.507131 0.164638 0.100590
v -4.562186 2.803475 0.132376
v -4.659478 2.803475 -0.230724
v -4.678734 0.081809 -0.230725
v -4.282419 2.238599 -0.237821
v -5.735203 0.805104 -0.357800
v -4.595905 0.164638 -0.230724
v -5.430252 0.805104 -1.241738
v -4.507129 0.164638 -0.562039
v -4.578861 0.081809 -0.603453
v -4.562185 2.803475 -0.593825
v -4.232094 2.238599 -0.411440
v -4.101701 2.238599 -0.536637
v -4.724187 0.805104 -1.854775
v -4.264590 0.164638 -0.804577
v -4.306004 0.081809 -0.876308
v -4.296376 2.803475 -0.859632
v -3.806199 0.805104 -2.032648
v -3.933275 0.164638 -0.893351
v -3.926179 2.238599 -0.579864
v -3.933275 0.081809 -0.976179
v -3.933275 2.803475 -0.956923
v -3.752560 2.238599 -0.529539
v -2.922261 0.805104 -1.727696
v -3.601961 0.164638 -0.804574
v -3.560547 0.081809 -0.876306
v -3.570175 2.803475 -0.859630
v -3.287692 0.081809 -0.603449
v -3.627363 2.238599 -0.399146
v -2.309225 0.805104 -1.021631
v -3.359423 0.164638 -0.562035
v -3.304368 2.803475 -0.593821
v -3.270649 0.164638 -0.230720
v -3.187821 0.081809 -0.230720
v -3.207077 2.803475 -0.230720
v -3.584136 2.238599 -0.223625
v -2.131352 0.805104 -0.103642
v -2.364893 0.804106 0.828201
v -3.104481 0.804106 1.470525
v -3.391775 0.087175 0.081915
v -3.620640 0.087175 0.310779
v -3.539934 2.742679 0.450958
v -3.251791 2.742679 0.162957
v -3.561925 2.254121 -0.006493
v -3.723791 2.254121 0.149141
v -3.933278 0.087175 0.394552
v -3.941789 2.254121 0.202993
v -4.066140 0.804106 1.657001
v -3.933472 2.742679 0.556303
v -4.157507 2.254121 0.140629
v -4.992203 0.804106 1.337660
v -4.245916 0.087175 0.310779
v -4.326958 2.742679 0.450763
v -4.313142 2.254121 -0.021237
v -5.634526 0.804106 0.598072
v -4.474780 0.087175 0.081913
v -4.614959 2.742679 0.162619
v -4.720303 2.742679 -0.230919
v -4.366993 2.254121 -0.239235
v -5.821001 0.804106 -0.363587
v -4.558552 0.087175 -0.230724
v -5.501659 0.804106 -1.289650
v -4.474779 0.087175 -0.543362
v -4.614763 2.742679 -0.624404
v -4.304629 2.254121 -0.454954
v -4.142760 2.254121 -0.610588
v -4.762070 0.804106 -1.931972
v -4.245913 0.087175 -0.772226
v -4.326619 2.742679 -0.912405
v -3.800411 0.804106 -2.118446
v -3.933275 0.087175 -0.855998
v -3.924765 2.254121 -0.664439
v -3.933081 2.742679 -1.017748
v -3.709046 2.254121 -0.602075
v -2.874349 0.804106 -1.799103
v -3.620638 0.087175 -0.772224
v -3.539596 2.742679 -0.912208
v -3.553413 2.254121 -0.440205
v -2.232028 0.804106 -1.059514
v -3.391774 0.087175 -0.543358
v -3.251595 2.742679 -0.624064
v -3.308002 0.087175 -0.230720
v -3.146252 2.742679 -0.230526
v -3.499561 2.254121 -0.222210
v -2.045555 0.804106 -0.097855
vn -0.7523 -0.6587 -0.0085
vn -0.7053 -0.7089 -0.0024
vn -0.6096 -0.7089 -0.3547
vn -0.6473 -0.6587 -0.3835
vn -0.6807 -0.7325 -0.0066
vn -0.5862 -0.7325 -0.3461
vn -0.6909 -0.7216 -0.0442
vn -0.5762 -0.7216 -0.3837
vn 0.7071 0.7071 0.0000
vn 0.6124 0.7071 0.3535
vn -0.7073 0.7069 -0.0023
vn -0.8219 0.5693 -0.0162
vn -0.7037 0.5693 -0.4250
vn -0.6114 0.7069 -0.3556
vn -0.6108 0.7909 -0.0372
vn -0.3139 0.9492 -0.0191
vn -0.2622 0.9492 -0.1735
vn -0.5104 0.7909 -0.3376
vn 0.0000 1.0000 0.0000
vn -0.9252 0.3790 -0.0198
vn -0.7913 0.3790 -0.4797
vn -0.6719 0.7391 -0.0477
vn -0.5580 0.7391 -0.3772
vn -0.3346 -0.7325 -0.5928
vn -0.3506 -0.7089 -0.6120
vn -0.3071 -0.7216 -0.6204
vn 0.3535 0.7071 0.6124
vn -0.3969 0.5693 -0.7199
vn -0.3517 0.7069 -0.6136
vn -0.1403 0.9492 -0.2814
vn -0.2732 0.7909 -0.5476
vn -0.4454 0.3790 -0.8111
vn -0.2946 0.7391 -0.6057
vn -0.3688 -0.6587 -0.6558
vn 0.0024 -0.7089 -0.7053
vn 0.0085 -0.6587 -0.7523
vn 0.0066 -0.7325 -0.6807
vn 0.0442 -0.7216 -0.6909
vn 0.0000 0.7071 0.7071
vn 0.0162 0.5693 -0.8219
vn 0.0023 0.7069 -0.7073
vn 0.0191 0.9492 -0.3139
vn 0.0372 0.7909 -0.6108
vn 0.0198 0.3790 -0.9252
vn 0.0477 0.7391 -0.6719
vn 0.4797 0.3790 -0.7913
vn 0.4250 0.5693 -0.7037
vn 0.3376 0.7909 -0.5104
vn 0.3772 0.7391 -0.5580
vn 0.3547 -0.7089 -0.6096
vn 0.3835 -0.6587 -0.6473
vn 0.3461 -0.7325 -0.5862
vn 0.3837 -0.7216 -0.5762
vn -0.3535 0.7071 0.6124
vn 0.3556 0.7069 -0.6114
vn 0.1735 0.9492 -0.2622
vn 0.2814 0.9492 -0.1403
vn 0.5476 0.7909 -0.2732
vn 0.8111 0.3790 -0.4454
vn 0.7199 0.5693 -0.3969
vn 0.6057 0.7391 -0.2946
vn 0.6120 -0.7089 -0.3506
vn 0.6558 -0.6587 -0.3688
vn 0.5928 -0.7325 -0.3346
vn 0.6204 -0.7216 -0.3071
vn -0.6124 0.7071 0.3535
vn 0.6136 0.7069 -0.3517
vn 0.8219 0.5693 0.0162
vn 0.7073 0.7069 0.0023
vn 0.3139 0.9492 0.0191
vn 0.6108 0.7909 0.0372
vn 0.9252 0.3790 0.0198
vn 0.6719 0.7391 0.0477
vn 0.7053 -0.7089 0.0024
vn 0.7523 -0.6587 0.0085
vn 0.6807 -0.7325 0.0066
vn 0.6909 -0.7216 0.0442
vn -0.7071 0.7071 0.0000
vn 0.5762 -0.7216 0.3837
vn 0.5862 -0.7325 0.3461
vn -0.6124 0.7071 -0.3535
vn 0.7037 0.5693 0.4250
vn 0.6114 0.7069 0.3556
vn 0.2622 0.9492 0.1735
vn 0.5104 0.7909 0.3376
vn 0.7913 0.3790 0.4797
vn 0.5580 0.7391 0.3772
vn 0.6096 -0.7089 0.3547
vn 0.6473 -0.6587 0.3835
vn 0.3506 -0.7089 0.6120
vn 0.3688 -0.6587 0.6558
vn 0.3346 -0.7325 0.5928
vn 0.3071 -0.7216 0.6204
vn -0.3535 0.7071 -0.6124
vn 0.3969 0.5693 0.7199
vn 0.3517 0.7069 0.6136
vn 0.1403 0.9492 0.2814
vn 0.2732 0.7909 0.5476
vn 0.4454 0.3790 0.8111
vn 0.2946 0.7391 0.6057
vn -0.0372 0.7909 0.6108
vn -0.0477 0.7391 0.6719
vn -0.0024 -0.7089 0.7053
vn -0.0085 -0.6587 0.7523
vn -0.0066 -0.7325 0.6807
vn -0.0442 -0.7216 0.6909
vn 0.0000 0.7071 -0.7071
vn -0.0162 0.5693 0.8219
vn -0.0023 0.7069 0.7073
vn -0.0191 0.9492 0.3139
vn -0.0198 0.3790 0.9252
vn -0.4797 0.3790 0.7913
vn -0.4250 0.5693 0.7037
vn -0.3376 0.7909 0.5104
vn -0.3772 0.7391 0.5580
vn -0.3547 -0.7089 0.6096
vn -0.3835 -0.6587 0.6473
vn -0.3461 -0.7325 0.5862
vn -0.3837 -0.7216 0.5762
vn 0.3535 0.7071 -0.6124
vn -0.3556 0.7069 0.6114
vn -0.1735 0.9492 0.2622
vn -0.2814 0.9492 0.1403
vn -0.5476 0.7909 0.2732
vn -0.8111 0.3790 0.4454
vn -0.7199 0.5693 0.3969
vn -0.6057 0.7391 0.2946
vn -0.6120 -0.7089 0.3506
vn -0.6558 -0.6587 0.3688
vn -0.5928 -0.7325 0.3346
vn -0.6204 -0.7216 0.3071
vn 0.6124 0.7071 -0.3535
vn -0.6136 0.7069 0.3517
vn 0.7375 0.6752 0.0089
vn 0.6343 0.6752 0.3765
vn 0.6035 0.7158 0.3512
vn 0.6982 0.7158 0.0024
vn 0.5975 0.7197 0.3535
vn 0.6942 0.7197 0.0074
vn 0.5963 0.6980 0.3963
vn 0.7146 0.6980 0.0450
vn -0.3145 -0.9492 0.0000
vn -0.2723 -0.9492 -0.1572
vn -0.5932 -0.7285 -0.3425
vn -0.6850 -0.7285 0.0000
vn 0.7043 -0.7098 0.0017
vn 0.6091 -0.7098 0.3537
vn 0.6929 -0.5870 0.4187
vn 0.8094 -0.5870 0.0162
vn 0.6289 -0.7765 0.0384
vn 0.5254 -0.7765 0.3477
vn 0.2603 -0.9500 0.1722
vn 0.3115 -0.9500 0.0190
vn 0.7776 -0.4171 0.4704
vn 0.9087 -0.4171 0.0186
vn 0.7034 -0.7091 0.0496
vn 0.5843 -0.7091 0.3946
vn 0.0136 -0.9999 0.0000
vn 0.0118 -0.9999 0.0068
vn 0.0000 -1.0000 0.0000
vn 0.3470 0.7158 0.6059
vn 0.3407 0.7197 0.6049
vn 0.3183 0.6980 0.6414
vn -0.1572 -0.9492 -0.2723
vn -0.3425 -0.7285 -0.5932
vn 0.3507 -0.7098 0.6108
vn 0.3907 -0.5870 0.7091
vn 0.2811 -0.7765 0.5639
vn 0.1393 -0.9500 0.2792
vn 0.4382 -0.4171 0.7962
vn 0.3087 -0.7091 0.6339
vn 0.0068 -0.9999 0.0118
vn 0.3610 0.6752 0.6432
vn 0.0000 -0.9999 0.0136
vn -0.0089 0.6752 0.7375
vn -0.0024 0.7158 0.6983
vn -0.0074 0.7197 0.6942
vn -0.0450 0.6980 0.7146
vn 0.0000 -0.9492 -0.3145
vn 0.0000 -0.7285 -0.6850
vn -0.0017 -0.7098 0.7043
vn -0.0162 -0.5870 0.8094
vn -0.0384 -0.7765 0.6289
vn -0.0190 -0.9500 0.3115
vn -0.0186 -0.4171 0.9087
vn -0.0496 -0.7091 0.7034
vn -0.4187 -0.5870 0.6929
vn -0.4704 -0.4171 0.7776
vn -0.3946 -0.7091 0.5843
vn -0.3477 -0.7765 0.5254
vn -0.0068 -0.9999 0.0118
vn -0.3765 0.6752 0.6343
vn -0.3512 0.7158 0.6035
vn -0.3535 0.7197 0.5975
vn -0.3963 0.6980 0.5963
vn 0.1572 -0.9492 -0.2723
vn 0.3425 -0.7285 -0.5932
vn -0.3537 -0.7098 0.6091
vn -0.1722 -0.9500 0.2603
vn -0.5639 -0.7765 0.2811
vn -0.2792 -0.9500 0.1393
vn 0.2723 -0.9492 -0.1572
vn -0.7091 -0.5870 0.3907
vn -0.7962 -0.4171 0.4382
vn -0.6339 -0.7091 0.3087
vn -0.0118 -0.9999 0.0068
vn -0.6432 0.6752 0.3610
vn -0.6059 0.7158 0.3470
vn -0.6049 0.7197 0.3407
vn -0.6414 0.6980 0.3183
vn 0.5932 -0.7285 -0.3425
vn -0.6108 -0.7098 0.3507
vn -0.7043 -0.7098 -0.0017
vn -0.8094 -0.5870 -0.0162
vn -0.6289 -0.7765 -0.0384
vn -0.3115 -0.9500 -0.0190
vn 0.3145 -0.9492 0.0000
vn -0.9087 -0.4171 -0.0186
vn -0.7034 -0.7091 -0.0496
vn -0.0136 -0.9999 0.0000
vn -0.7375 0.6752 -0.0089
vn -0.6983 0.7158 -0.0024
vn -0.6942 0.7197 -0.0074
vn -0.7146 0.6980 -0.0450
vn 0.6850 -0.7285 0.0000
vn -0.5975 0.7197 -0.3535
vn -0.5963 0.6980 -0.3963
vn 0.2723 -0.9492 0.1572
vn 0.5932 -0.7285 0.3425
vn -0.6091 -0.7098 -0.3537
vn -0.6929 -0.5870 -0.4187
vn -0.5254 -0.7765 -0.3477
vn -0.2603 -0.9500 -0.1722
vn -0.7776 -0.4171 -0.4704
vn -0.5843 -0.7091 -0.3946
vn -0.0118 -0.9999 -0.0068
vn -0.6343 0.6752 -0.3765
vn -0.6035 0.7158 -0.3512
vn -0.3610 0.6752 -0.6432
vn -0.3470 0.7158 -0.6059
vn -0.3407 0.7197 -0.6049
vn -0.3183 0.6980 -0.6414
vn 0.1572 -0.9492 0.2723
vn 0.3425 -0.7285 0.5933
vn -0.3507 -0.7098 -0.6108
vn -0.3907 -0.5870 -0.7091
vn -0.2811 -0.7765 -0.5639
vn -0.1393 -0.9500 -0.2792
vn -0.4382 -0.4171 -0.7962
vn -0.3087 -0.7091 -0.6339
vn -0.0068 -0.9999 -0.0118
vn 0.0496 -0.7091 -0.7034
vn 0.0384 -0.7765 -0.6289
vn 0.0000 -0.9999 -0.0136
vn 0.0089 0.6752 -0.7375
vn 0.0024 0.7158 -0.6982
vn 0.0074 0.7197 -0.6942
vn 0.0450 0.6980 -0.7146
vn 0.0000 -0.9492 0.3145
vn 0.0000 -0.7285 0.6850
vn 0.0017 -0.7098 -0.7043
vn 0.0162 -0.5870 -0.8094
vn 0.0190 -0.9500 -0.3115
vn 0.0186 -0.4171 -0.9087
vn 0.4187 -0.5870 -0.6929
vn 0.4704 -0.4171 -0.7776
vn 0.3946 -0.7091 -0.5843
vn 0.3478 -0.7765 -0.5254
vn 0.0068 -0.9999 -0.0118
vn 0.3765 0.6752 -0.6343
vn 0.3512 0.7158 -0.6035
vn 0.3535 0.7197 -0.5975
vn 0.3963 0.6980 -0.5963
vn -0.1572 -0.9492 0.2723
vn -0.3425 -0.7285 0.5932
vn 0.3537 -0.7098 -0.6091
vn 0.1722 -0.9500 -0.2603
vn 0.5639 -0.7765 -0.2811
vn 0.2792 -0.9500 -0.1393
vn -0.2723 -0.9492 0.1572
vn 0.7091 -0.5870 -0.3907
vn 0.7962 -0.4171 -0.4382
vn 0.6339 -0.7091 -0.3087
vn 0.0118 -0.9999 -0.0068
vn 0.6432 0.6752 -0.3610
vn 0.6059 0.7158 -0.3470
vn 0.6049 0.7197 -0.3407
vn 0.6414 0.6980 -0.3183
vn -0.5933 -0.7285 0.3425
vn 0.6108 -0.7098 -0.3507
vn 0.6123 0.7073 0.3533
vn 0.3536 0.7073 0.6121
vn 0.3531 0.7073 0.6124
vn 0.6120 0.7073 0.3538
vn 0.0001 0.7073 0.7069
vn -0.0004 0.7073 0.7069
vn -0.3533 0.7073 0.6123
vn -0.3538 0.7073 0.6120
vn -0.6121 0.7073 0.3536
vn -0.6124 0.7073 0.3531
vn -0.7069 0.7073 0.0001
vn -0.7069 0.7073 -0.0004
vn -0.6123 0.7073 -0.3533
vn -0.6120 0.7073 -0.3538
vn -0.3536 0.7073 -0.6121
vn -0.3531 0.7073 -0.6124
vn -0.0001 0.7073 -0.7069
vn 0.0004 0.7073 -0.7069
vn 0.3533 0.7073 -0.6123
vn 0.3538 0.7073 -0.6120
vn 0.6121 0.7073 -0.3536
vn 0.6124 0.7073 -0.3531
vn 0.7069 0.7073 -0.0001
vn 0.7069 0.7073 0.0004
usemtl Material
s 1
f 1466//1185 1467//1186 1357//1187 1356//1188
f 1467//1186 1468//1189 1358//1190 1357//1187
f 1468//1189 1654//1191 1595//1192 1358//1190
f 1651//1193 1650//1193 1597//1194 1600//1194
f 1652//1195 1465//1196 1355//1197 1602//1198
f 1470//1199 1471//1200 1361//1201 1360//1202
f 1471//1200 1472//1203 1362//1203 1361//1201
f 1465//1196 1653//1204 1603//1205 1355//1197
f 1469//1206 1470//1199 1360//1202 1359//1207
f 1473//1203 1353//1203 1363//1203
f 1357//1187 1358//1190 1368//1208 1367//1209
f 1358//1190 1595//1192 1596//1210 1368//1208
f 1600//1194 1597//1194 1598//1211 1599//1211
f 1602//1198 1355//1197 1365//1212 1601//1213
f 1360//1202 1361//1201 1371//1214 1370//1215
f 1361//1201 1362//1203 1372//1203 1371//1214
f 1355//1197 1603//1205 1604//1216 1365//1212
f 1359//1207 1360//1202 1370//1215 1369//1217
f 1363//1203 1353//1203 1373//1203
f 1356//1188 1357//1187 1367//1209 1366//1218
f 1373//1203 1353//1203 1383//1203
f 1366//1218 1367//1209 1377//1219 1376//1220
f 1367//1209 1368//1208 1378//1221 1377//1219
f 1368//1208 1596//1210 1607//1222 1378//1221
f 1599//1211 1598//1211 1605//1223 1608//1223
f 1601//1213 1365//1212 1375//1224 1609//1225
f 1370//1215 1371//1214 1381//1226 1380//1227
f 1371//1214 1372//1203 1382//1203 1381//1226
f 1365//1212 1604//1216 1606//1228 1375//1224
f 1369//1217 1370//1215 1380//1227 1379//1229
f 1375//1224 1606//1228 1610//1230 1385//1231
f 1379//1229 1380//1227 1390//1232 1389//1233
f 1383//1203 1353//1203 1393//1203
f 1376//1220 1377//1219 1387//1234 1386//1235
f 1377//1219 1378//1221 1388//1236 1387//1234
f 1378//1221 1607//1222 1611//1237 1388//1236
f 1608//1223 1605//1223 1612//1238 1613//1238
f 1609//1225 1375//1224 1385//1231 1614//1239
f 1380//1227 1381//1226 1391//1240 1390//1232
f 1381//1226 1382//1203 1392//1203 1391//1240
f 1390//1232 1391//1240 1401//1241 1400//1242
f 1391//1240 1392//1203 1402//1203 1401//1241
f 1385//1231 1610//1230 1616//1243 1395//1244
f 1389//1233 1390//1232 1400//1242 1399//1245
f 1393//1203 1353//1203 1403//1203
f 1386//1235 1387//1234 1397//1246 1396//1247
f 1387//1234 1388//1236 1398//1248 1397//1246
f 1388//1236 1611//1237 1617//1249 1398//1248
f 1613//1238 1612//1238 1618//1250 1615//1250
f 1614//1239 1385//1231 1395//1244 1619//1251
f 1619//1251 1395//1244 1405//1252 1620//1253
f 1400//1242 1401//1241 1411//1254 1410//1255
f 1401//1241 1402//1203 1412//1203 1411//1254
f 1395//1244 1616//1243 1622//1256 1405//1252
f 1399//1245 1400//1242 1410//1255 1409//1257
f 1403//1203 1353//1203 1413//1203
f 1396//1247 1397//1246 1407//1258 1406//1259
f 1397//1246 1398//1248 1408//1260 1407//1258
f 1398//1248 1617//1249 1623//1261 1408//1260
f 1615//1250 1618//1250 1624//1262 1621//1262
f 1408//1260 1623//1261 1625//1263 1418//1264
f 1621//1262 1624//1262 1626//1265 1627//1265
f 1620//1253 1405//1252 1415//1266 1628//1267
f 1410//1255 1411//1254 1421//1268 1420//1269
f 1411//1254 1412//1203 1422//1203 1421//1268
f 1405//1252 1622//1256 1629//1270 1415//1266
f 1409//1257 1410//1255 1420//1269 1419//1271
f 1413//1203 1353//1203 1423//1203
f 1406//1259 1407//1258 1417//1272 1416//1273
f 1407//1258 1408//1260 1418//1264 1417//1272
f 1416//1273 1417//1272 1427//1274 1426//1275
f 1417//1272 1418//1264 1428//1276 1427//1274
f 1418//1264 1625//1263 1631//1277 1428//1276
f 1627//1265 1626//1265 1632//1278 1633//1278
f 1628//1267 1415//1266 1425//1279 1634//1280
f 1420//1269 1421//1268 1431//1281 1430//1282
f 1421//1268 1422//1203 1432//1203 1431//1281
f 1415//1266 1629//1270 1630//1283 1425//1279
f 1419//1271 1420//1269 1430//1282 1429//1284
f 1423//1203 1353//1203 1433//1203
f 1429//1284 1430//1282 1440//1285 1439//1286
f 1433//1203 1353//1203 1443//1203
f 1426//1275 1427//1274 1437//1287 1436//1288
f 1427//1274 1428//1276 1438//1289 1437//1287
f 1428//1276 1631//1277 1635//1290 1438//1289
f 1633//1278 1632//1278 1636//1291 1638//1291
f 1634//1280 1425//1279 1435//1292 1639//1293
f 1430//1282 1431//1281 1441//1294 1440//1285
f 1431//1281 1432//1203 1442//1203 1441//1294
f 1425//1279 1630//1283 1637//1295 1435//1292
f 1435//1292 1637//1295 1640//1296 1445//1297
f 1439//1286 1440//1285 1450//1298 1449//1299
f 1443//1203 1353//1203 1453//1203
f 1436//1288 1437//1287 1447//1300 1446//1301
f 1437//1287 1438//1289 1448//1302 1447//1300
f 1438//1289 1635//1290 1641//1303 1448//1302
f 1638//1291 1636//1291 1642//1304 1643//1304
f 1639//1293 1435//1292 1445//1297 1644//1305
f 1440//1285 1441//1294 1451//1306 1450//1298
f 1441//1294 1442//1203 1452//1203 1451//1306
f 1450//1298 1451//1306 1461//1307 1460//1308
f 1451//1306 1452//1203 1462//1203 1461//1307
f 1445//1297 1640//1296 1646//1309 1455//1310
f 1449//1299 1450//1298 1460//1308 1459//1311
f 1453//1203 1353//1203 1463//1203
f 1446//1301 1447//1300 1457//1312 1456//1313
f 1447//1300 1448//1302 1458//1314 1457//1312
f 1448//1302 1641//1303 1647//1315 1458//1314
f 1643//1304 1642//1304 1648//1316 1645//1316
f 1644//1305 1445//1297 1455//1310 1649//1317
f 1645//1316 1648//1316 1650//1193 1651//1193
f 1649//1317 1455//1310 1465//1196 1652//1195
f 1460//1308 1461//1307 1471//1200 1470//1199
f 1461//1307 1462//1203 1472//1203 1471//1200
f 1455//1310 1646//1309 1653//1204 1465//1196
f 1459//1311 1460//1308 1470//1199 1469//1206
f 1463//1203 1353//1203 1473//1203
f 1456//1313 1457//1312 1467//1186 1466//1185
f 1457//1312 1458//1314 1468//1189 1467//1186
f 1458//1314 1647//1315 1654//1191 1468//1189
f 1587//1318 1477//1319 1478//1320 1588//1321
f 1588//1321 1478//1320 1479//1322 1589//1323
f 1589//1323 1479//1322 1655//1324 1702//1325
f 1593//1326 1483//1327 1657//1328 1699//1329
f 1700//1330 1660//1331 1476//1332 1586//1333
f 1591//1334 1481//1335 1482//1336 1592//1337
f 1592//1337 1482//1336 1483//1327 1593//1326
f 1586//1333 1476//1332 1661//1338 1701//1339
f 1590//1340 1480//1341 1481//1335 1591//1334
f 1594//1342 1484//1343 1474//1344
f 1478//1320 1488//1345 1489//1346 1479//1322
f 1479//1322 1489//1346 1656//1347 1655//1324
f 1483//1327 1493//1348 1658//1349 1657//1328
f 1660//1331 1659//1350 1486//1351 1476//1332
f 1481//1335 1491//1352 1492//1353 1482//1336
f 1482//1336 1492//1353 1493//1348 1483//1327
f 1476//1332 1486//1351 1662//1354 1661//1338
f 1480//1341 1490//1355 1491//1352 1481//1335
f 1484//1343 1494//1356 1474//1344
f 1477//1319 1487//1357 1488//1345 1478//1320
f 1494//1356 1504//1358 1474//1344
f 1487//1357 1497//1359 1498//1360 1488//1345
f 1488//1345 1498//1360 1499//1361 1489//1346
f 1489//1346 1499//1361 1665//1362 1656//1347
f 1493//1348 1503//1363 1663//1364 1658//1349
f 1659//1350 1666//1365 1496//1366 1486//1351
f 1491//1352 1501//1367 1502//1368 1492//1353
f 1492//1353 1502//1368 1503//1363 1493//1348
f 1486//1351 1496//1366 1664//1369 1662//1354
f 1490//1355 1500//1370 1501//1367 1491//1352
f 1496//1366 1506//1371 1667//1372 1664//1369
f 1500//1370 1510//1373 1511//1374 1501//1367
f 1504//1358 1514//1375 1474//1344
f 1497//1359 1507//1376 1508//1377 1498//1360
f 1498//1360 1508//1377 1509//1378 1499//1361
f 1499//1361 1509//1378 1668//1379 1665//1362
f 1503//1363 1513//1380 1669//1381 1663//1364
f 1666//1365 1670//1382 1506//1371 1496//1366
f 1501//1367 1511//1374 1512//1383 1502//1368
f 1502//1368 1512//1383 1513//1380 1503//1363
f 1511//1374 1521//1384 1522//1385 1512//1383
f 1512//1383 1522//1385 1523//1386 1513//1380
f 1506//1371 1516//1387 1671//1388 1667//1372
f 1510//1373 1520//1389 1521//1384 1511//1374
f 1514//1375 1524//1390 1474//1344
f 1507//1376 1517//1391 1518//1392 1508//1377
f 1508//1377 1518//1392 1519//1393 1509//1378
f 1509//1378 1519//1393 1672//1394 1668//1379
f 1513//1380 1523//1386 1673//1395 1669//1381
f 1670//1382 1674//1396 1516//1387 1506//1371
f 1674//1396 1675//1397 1526//1398 1516//1387
f 1521//1384 1531//1399 1532//1400 1522//1385
f 1522//1385 1532//1400 1533//1401 1523//1386
f 1516//1387 1526//1398 1676//1402 1671//1388
f 1520//1389 1530//1403 1531//1399 1521//1384
f 1524//1390 1534//1404 1474//1344
f 1517//1391 1527//1405 1528//1406 1518//1392
f 1518//1392 1528//1406 1529//1407 1519//1393
f 1519//1393 1529//1407 1677//1408 1672//1394
f 1523//1386 1533//1401 1678//1409 1673//1395
f 1529//1407 1539//1410 1679//1411 1677//1408
f 1533//1401 1543//1412 1680//1413 1678//1409
f 1675//1397 1681//1414 1536//1415 1526//1398
f 1531//1399 1541//1416 1542//1417 1532//1400
f 1532//1400 1542//1417 1543//1412 1533//1401
f 1526//1398 1536//1415 1682//1418 1676//1402
f 1530//1403 1540//1419 1541//1416 1531//1399
f 1534//1404 1544//1420 1474//1344
f 1527//1405 1537//1421 1538//1422 1528//1406
f 1528//1406 1538//1422 1539//1410 1529//1407
f 1537//1421 1547//1423 1548//1424 1538//1422
f 1538//1422 1548//1424 1549//1425 1539//1410
f 1539//1410 1549//1425 1684//1426 1679//1411
f 1543//1412 1553//1427 1685//1428 1680//1413
f 1681//1414 1686//1429 1546//1430 1536//1415
f 1541//1416 1551//1431 1552//1432 1542//1417
f 1542//1417 1552//1432 1553//1427 1543//1412
f 1536//1415 1546//1430 1683//1433 1682//1418
f 1540//1419 1550//1434 1551//1431 1541//1416
f 1544//1420 1554//1435 1474//1344
f 1550//1434 1560//1436 1561//1437 1551//1431
f 1554//1435 1564//1438 1474//1344
f 1547//1423 1557//1439 1558//1440 1548//1424
f 1548//1424 1558//1440 1559//1441 1549//1425
f 1549//1425 1559//1441 1687//1442 1684//1426
f 1553//1427 1563//1443 1688//1444 1685//1428
f 1686//1429 1690//1445 1556//1446 1546//1430
f 1551//1431 1561//1437 1562//1447 1552//1432
f 1552//1432 1562//1447 1563//1443 1553//1427
f 1546//1430 1556//1446 1689//1448 1683//1433
f 1556//1446 1566//1449 1691//1450 1689//1448
f 1560//1436 1570//1451 1571//1452 1561//1437
f 1564//1438 1574//1453 1474//1344
f 1557//1439 1567//1454 1568//1455 1558//1440
f 1558//1440 1568//1455 1569//1456 1559//1441
f 1559//1441 1569//1456 1692//1457 1687//1442
f 1563//1443 1573//1458 1693//1459 1688//1444
f 1690//1445 1694//1460 1566//1449 1556//1446
f 1561//1437 1571//1452 1572//1461 1562//1447
f 1562//1447 1572//1461 1573//1458 1563//1443
f 1571//1452 1581//1462 1582//1463 1572//1461
f 1572//1461 1582//1463 1583//1464 1573//1458
f 1566//1449 1576//1465 1695//1466 1691//1450
f 1570//1451 1580//1467 1581//1462 1571//1452
f 1574//1453 1584//1468 1474//1344
f 1567//1454 1577//1469 1578//1470 1568//1455
f 1568//1455 1578//1470 1579//1471 1569//1456
f 1569//1456 1579//1471 1696//1472 1692//1457
f 1573//1458 1583//1464 1697//1473 1693//1459
f 1694//1460 1698//1474 1576//1465 1566//1449
f 1583//1464 1593//1326 1699//1329 1697//1473
f 1698//1474 1700//1330 1586//1333 1576//1465
f 1581//1462 1591//1334 1592//1337 1582//1463
f 1582//1463 1592//1337 1593//1326 1583//1464
f 1576//1465 1586//1333 1701//1339 1695//1466
f 1580//1467 1590//1340 1591//1334 1581//1462
f 1584//1468 1594//1342 1474//1344
f 1577//1469 1587//1318 1588//1321 1578//1470
f 1578//1470 1588//1321 1589//1323 1579//1471
f 1579//1471 1589//1323 1702//1325 1696//1472
f 1354//1475 1364//1476 1485//1477 1475//1478
f 1364//1476 1374//1479 1495//1480 1485//1477
f 1374//1479 1384//1481 1505//1482 1495//1480
f 1384//1481 1394//1483 1515//1484 1505//1482
f 1394//1483 1404//1485 1525//1486 1515//1484
f 1404//1485 1414//1487 1535//1488 1525//1486
f 1414//1487 1424//1489 1545//1490 1535//1488
f 1424//1489 1434//1491 1555//1492 1545//1490
f 1434//1491 1444//1493 1565//1494 1555//1492
f 1444//1493 1454//1495 1575//1496 1565//1494
f 1454//1495 1464//1497 1585//1498 1575//1496
f 1464//1497 1354//1475 1475//1478 1585//1498
o vase.113_vase.1341
v 1.406980 5.418983 0.942885
v 1.295238 5.299186 0.896833
v 1.198893 4.368690 0.840953
v 1.420160 3.719513 0.968757
v 1.575728 3.048338 0.991285
v 1.694673 1.272900 1.130610
v 1.483018 0.466582 0.990958
v 1.348839 0.077123 0.905747
v 1.313642 0.077123 0.888996
v 1.279992 0.115979 0.869568
v 1.239528 5.418983 1.110336
v 1.165783 5.299186 1.014583
v 1.110286 4.368690 0.918016
v 1.238007 3.719513 1.139332
v 1.361469 3.048338 1.236626
v 1.394815 1.272900 1.416758
v 1.281343 0.466582 1.189988
v 1.207746 0.077123 1.049103
v 1.185640 0.077123 1.016998
v 1.166212 0.115979 0.983348
v 1.010786 5.418983 1.171627
v 0.994797 5.299186 1.051830
v 0.995019 4.368690 0.940452
v 0.994970 3.719513 1.195977
v 1.053245 3.048338 1.341967
v 0.992057 1.272900 1.514640
v 1.007173 0.466582 1.261515
v 1.013878 0.077123 1.102707
v 1.010786 0.077123 1.063850
v 1.010786 0.115979 1.024994
v 0.782044 5.418983 1.110335
v 0.828095 5.299186 0.998593
v 0.883976 4.368690 0.902249
v 0.756172 3.719513 1.123515
v 0.733644 3.048338 1.279084
v 0.594318 1.272900 1.398029
v 0.733971 0.466582 1.186374
v 0.819182 0.077123 1.052194
v 0.835932 0.077123 1.016998
v 0.855361 0.115979 0.983347
v 0.614593 5.418983 0.942884
v 0.710346 5.299186 0.869139
v 0.806913 4.368690 0.813642
v 0.585597 3.719513 0.941362
v 0.488303 3.048338 1.064824
v 0.308171 1.272900 1.098171
v 0.534941 0.466582 0.984699
v 0.675826 0.077123 0.911101
v 0.707931 0.077123 0.888996
v 0.741581 0.115979 0.869568
v 0.553302 5.418983 0.714142
v 0.673099 5.299186 0.698153
v 0.784477 4.368690 0.698375
v 0.528952 3.719513 0.698326
v 0.382962 3.048338 0.756600
v 0.210290 1.272900 0.695413
v 0.463414 0.466582 0.710528
v 0.622223 0.077123 0.717233
v 0.661079 0.077123 0.714142
v 0.699935 0.115979 0.714142
v 0.614594 5.418983 0.485400
v 0.726336 5.299186 0.531451
v 0.822681 4.368690 0.587332
v 0.601414 3.719513 0.459528
v 0.445846 3.048338 0.436999
v 0.326901 1.272900 0.297673
v 0.538556 0.466582 0.437326
v 0.672735 0.077123 0.522537
v 0.707931 0.077123 0.539288
v 0.741582 0.115979 0.558716
v 1.010787 0.115979 0.714143
v 0.782045 5.418983 0.317949
v 0.855791 5.299186 0.413702
v 0.911287 4.368690 0.510269
v 0.783567 3.719513 0.288953
v 0.660105 3.048338 0.191659
v 0.626759 1.272900 0.011527
v 0.740231 0.466582 0.238297
v 0.813828 0.077123 0.379182
v 0.835934 0.077123 0.411286
v 0.855362 0.115979 0.444937
v 1.010788 5.418983 0.256658
v 1.026777 5.299186 0.376455
v 1.026555 4.368690 0.487833
v 1.026604 3.719513 0.232308
v 0.968330 3.048338 0.086318
v 1.029517 1.272900 -0.086354
v 1.014401 0.466582 0.166770
v 1.007696 0.077123 0.325579
v 1.010788 0.077123 0.364435
v 1.010787 0.115979 0.403292
v 1.239530 5.418983 0.317950
v 1.193478 5.299186 0.429692
v 1.137597 4.368690 0.526037
v 1.265402 3.719513 0.304770
v 1.287930 3.048338 0.149202
v 1.427256 1.272900 0.030258
v 1.287603 0.466582 0.241912
v 1.202392 0.077123 0.376091
v 1.185641 0.077123 0.411288
v 1.166213 0.115979 0.444938
v 1.406980 5.418983 0.485402
v 1.311227 5.299186 0.559147
v 1.214661 4.368690 0.614644
v 1.435976 3.719513 0.486924
v 1.533270 3.048338 0.363462
v 1.713403 1.272900 0.330116
v 1.486632 0.466582 0.443587
v 1.345748 0.077123 0.517185
v 1.313643 0.077123 0.539290
v 1.279992 0.115979 0.558718
v 1.468271 5.418983 0.714145
v 1.348474 5.299186 0.730133
v 1.237096 4.368690 0.729911
v 1.492621 3.719513 0.729960
v 1.638611 3.048338 0.671687
v 1.811283 1.272900 0.732874
v 1.558159 0.466582 0.717758
v 1.399350 0.077123 0.711053
v 1.360494 0.077123 0.714144
v 1.321638 0.115979 0.714144
v 1.459655 5.358265 0.973454
v 1.359498 5.259725 0.938173
v 1.270344 4.380118 0.887426
v 1.490877 3.744247 1.010981
v 1.650532 3.061589 1.031588
v 1.768642 1.264247 1.173617
v 1.552780 0.437617 1.032067
v 1.394737 0.009340 0.932101
v 1.289380 -0.004184 0.874989
v 1.247641 0.038517 0.850892
v 1.269861 5.358265 1.163148
v 1.200763 5.259725 1.082515
v 1.148925 4.380118 0.993991
v 1.278137 3.744247 1.211258
v 1.406097 3.061589 1.308933
v 1.437368 1.264247 1.490986
v 1.321206 0.437617 1.260471
v 1.234320 0.009340 1.094876
v 1.171633 -0.004184 0.992737
v 1.147535 0.038517 0.950997
v 1.010650 5.358265 1.232531
v 0.991128 5.259725 1.128153
v 0.990497 4.380118 1.025568
v 0.993760 3.744247 1.278332
v 1.055741 3.061589 1.426902
v 0.991798 1.264247 1.600201
v 1.006454 0.437617 1.342486
v 1.014004 0.009340 1.155634
v 1.010786 -0.004184 1.035835
v 1.010786 0.038517 0.987641
v 0.751475 5.358265 1.163011
v 0.786755 5.259725 1.062854
v 0.837503 4.380118 0.973700
v 0.713948 3.744247 1.194232
v 0.693341 3.061589 1.353887
v 0.551311 1.264247 1.471997
v 0.692862 0.437617 1.256136
v 0.792828 0.009340 1.098093
v 0.849940 -0.004184 0.992736
v 0.874037 0.038517 0.950997
v 0.561781 5.358265 0.973216
v 0.642414 5.259725 0.904119
v 0.730939 4.380118 0.852281
v 0.513671 3.744247 0.981492
v 0.415996 3.061589 1.109453
v 0.233942 1.264247 1.140723
v 0.464458 0.437617 1.024561
v 0.630053 0.009340 0.937675
v 0.732192 -0.004184 0.874988
v 0.773932 0.038517 0.850891
v 0.492399 5.358265 0.714005
v 0.596776 5.259725 0.694483
v 0.699361 4.380118 0.693852
v 0.446598 3.744247 0.697116
v 0.298027 3.061589 0.759096
v 0.124728 1.264247 0.695153
v 0.382443 0.437617 0.709809
v 0.569295 0.009340 0.717359
v 0.689094 -0.004184 0.714142
v 0.737289 0.038517 0.714142
v 0.561919 5.358265 0.454831
v 0.662075 5.259725 0.490111
v 0.751229 4.380118 0.540859
v 0.530697 3.744247 0.417303
v 0.371042 3.061589 0.396696
v 0.252932 1.264247 0.254667
v 0.468794 0.437617 0.396217
v 0.626836 0.009340 0.496184
v 0.732193 -0.004184 0.553295
v 0.773933 0.038517 0.577393
v 1.010787 0.029979 0.714143
v 0.751713 5.358265 0.265137
v 0.820810 5.259725 0.345770
v 0.872648 4.380118 0.434295
v 0.743437 3.744247 0.217026
v 0.615477 3.061589 0.119351
v 0.584207 1.264247 -0.062702
v 0.700368 0.437617 0.167814
v 0.787254 0.009340 0.333409
v 0.849941 -0.004184 0.435548
v 0.874038 0.038517 0.477288
v 1.010924 5.358265 0.195755
v 1.030446 5.259725 0.300132
v 1.031077 4.380118 0.402717
v 1.027814 3.744247 0.149954
v 0.965834 3.061589 0.001383
v 1.029777 1.264247 -0.171916
v 1.015120 0.437617 0.085799
v 1.007570 0.009340 0.272651
v 1.010788 -0.004184 0.392450
v 1.010787 0.038517 0.440645
v 1.270099 5.358265 0.265275
v 1.234818 5.259725 0.365432
v 1.184071 4.380118 0.454585
v 1.307626 3.744247 0.234053
v 1.328234 3.061589 0.074399
v 1.470263 1.264247 -0.043709
v 1.328712 0.437617 0.172150
v 1.228746 0.009340 0.330192
v 1.171634 -0.004184 0.435549
v 1.147536 0.038517 0.477289
v 1.459792 5.358265 0.455070
v 1.379160 5.259725 0.524167
v 1.290635 4.380118 0.576005
v 1.507903 3.744247 0.446796
v 1.605578 3.061589 0.318833
v 1.787632 1.264247 0.287564
v 1.557116 0.437617 0.403725
v 1.391521 0.009340 0.490611
v 1.289381 -0.004184 0.553298
v 1.247641 0.038517 0.577395
v 1.529174 5.358265 0.714281
v 1.424797 5.259725 0.733803
v 1.322212 4.380118 0.734433
v 1.574975 3.744247 0.731170
v 1.723546 3.061589 0.669191
v 1.896845 1.264247 0.733134
v 1.639130 0.437617 0.718477
v 1.452278 0.009340 0.710927
v 1.332479 -0.004184 0.714144
v 1.284284 0.038517 0.714144
v 1.279992 0.115979 0.869568
v 1.166212 0.115979 0.983348
v 1.185640 0.077123 1.016998
v 1.313642 0.077123 0.888996
v 1.239528 5.418983 1.110336
v 1.406980 5.418983 0.942885
v 1.348839 0.077123 0.905747
v 1.207746 0.077123 1.049103
v 1.010786 0.115979 1.024994
v 1.010786 0.077123 1.063850
v 1.010786 5.418983 1.171627
v 1.013878 0.077123 1.102707
v 0.855361 0.115979 0.983347
v 0.835932 0.077123 1.016998
v 0.782044 5.418983 1.110335
v 0.819182 0.077123 1.052194
v 0.675826 0.077123 0.911101
v 0.707931 0.077123 0.888996
v 0.741581 0.115979 0.869568
v 0.614593 5.418983 0.942884
v 0.553302 5.418983 0.714142
v 0.622223 0.077123 0.717233
v 0.661079 0.077123 0.714142
v 0.699935 0.115979 0.714142
v 0.741582 0.115979 0.558716
v 0.707931 0.077123 0.539288
v 0.614594 5.418983 0.485400
v 0.672735 0.077123 0.522537
v 0.855362 0.115979 0.444937
v 0.835934 0.077123 0.411286
v 0.782045 5.418983 0.317949
v 0.813828 0.077123 0.379182
v 1.010787 0.115979 0.403292
v 1.010788 0.077123 0.364435
v 1.010788 5.418983 0.256658
v 1.007696 0.077123 0.325579
v 1.166213 0.115979 0.444938
v 1.185641 0.077123 0.411288
v 1.239530 5.418983 0.317950
v 1.202392 0.077123 0.376091
v 1.345748 0.077123 0.517185
v 1.313643 0.077123 0.539290
v 1.279992 0.115979 0.558718
v 1.406980 5.418983 0.485402
v 1.321638 0.115979 0.714144
v 1.360494 0.077123 0.714144
v 1.468271 5.418983 0.714145
v 1.399350 0.077123 0.711053
v 1.171633 -0.004184 0.992737
v 1.289380 -0.004184 0.874989
v 1.269861 5.358265 1.163148
v 1.459655 5.358265 0.973454
v 1.394737 0.009340 0.932101
v 1.234320 0.009340 1.094876
v 1.010786 -0.004184 1.035835
v 1.010650 5.358265 1.232531
v 1.014004 0.009340 1.155634
v 0.849940 -0.004184 0.992736
v 0.751475 5.358265 1.163011
v 0.792828 0.009340 1.098093
v 0.630053 0.009340 0.937675
v 0.732192 -0.004184 0.874988
v 0.561781 5.358265 0.973216
v 0.492399 5.358265 0.714005
v 0.569295 0.009340 0.717359
v 0.689094 -0.004184 0.714142
v 0.732193 -0.004184 0.553295
v 0.561919 5.358265 0.454831
v 0.626836 0.009340 0.496184
v 0.849941 -0.004184 0.435548
v 0.751713 5.358265 0.265137
v 0.787254 0.009340 0.333409
v 1.010788 -0.004184 0.392450
v 1.010924 5.358265 0.195755
v 1.007570 0.009340 0.272651
v 1.171634 -0.004184 0.435549
v 1.270099 5.358265 0.265275
v 1.228746 0.009340 0.330192
v 1.391521 0.009340 0.490611
v 1.289381 -0.004184 0.553298
v 1.459792 5.358265 0.455070
v 1.332479 -0.004184 0.714144
v 1.529174 5.358265 0.714281
v 1.452278 0.009340 0.710927
vn -0.9897 -0.1329 -0.0526
vn -0.9576 -0.2876 -0.0141
vn -0.8223 -0.2876 -0.4910
vn -0.8308 -0.1329 -0.5404
vn -0.9876 -0.1541 0.0290
vn -0.8698 -0.1541 -0.4686
vn -0.9949 0.1006 -0.0030
vn -0.8601 0.1006 -0.5001
vn 0.7071 0.7071 0.0000
vn 0.6124 0.7071 0.3535
vn -0.7082 0.7060 -0.0016
vn -0.8875 0.4588 -0.0427
vn -0.7472 0.4588 -0.4807
vn -0.6125 0.7060 -0.3554
vn -0.9415 0.3368 -0.0084
vn -0.9260 0.3776 0.0022
vn -0.8030 0.3776 -0.4610
vn -0.8112 0.3368 -0.4780
vn 0.0000 1.0000 0.0000
vn -0.5189 -0.1541 -0.8408
vn -0.4666 -0.2876 -0.8364
vn -0.4948 0.1006 -0.8631
vn 0.3535 0.7071 0.6124
vn -0.4068 0.4588 -0.7899
vn -0.3527 0.7060 -0.6141
vn -0.4649 0.3776 -0.8008
vn -0.4635 0.3368 -0.8196
vn -0.4493 -0.1329 -0.8834
vn 0.0141 -0.2876 -0.9576
vn 0.0526 -0.1329 -0.9897
vn -0.0290 -0.1541 -0.9876
vn 0.0030 0.1006 -0.9949
vn 0.0000 0.7071 0.7071
vn 0.0427 0.4588 -0.8875
vn 0.0016 0.7060 -0.7082
vn -0.0022 0.3776 -0.9260
vn 0.0084 0.3368 -0.9415
vn 0.5404 -0.1329 -0.8308
vn 0.4807 0.4588 -0.7472
vn 0.4780 0.3368 -0.8112
vn 0.5001 0.1006 -0.8601
vn 0.4910 -0.2876 -0.8223
vn 0.4686 -0.1541 -0.8698
vn -0.3535 0.7071 0.6124
vn 0.3554 0.7060 -0.6125
vn 0.4610 0.3776 -0.8030
vn 0.8008 0.3776 -0.4649
vn 0.8196 0.3368 -0.4635
vn 0.8834 -0.1329 -0.4493
vn 0.7899 0.4588 -0.4068
vn 0.8631 0.1006 -0.4948
vn 0.8364 -0.2876 -0.4666
vn 0.8408 -0.1541 -0.5189
vn -0.6124 0.7071 0.3535
vn 0.6141 0.7060 -0.3527
vn 0.8875 0.4588 0.0427
vn 0.7082 0.7060 0.0016
vn 0.9260 0.3776 -0.0022
vn 0.9415 0.3368 0.0084
vn 0.9897 -0.1329 0.0526
vn 0.9949 0.1006 0.0030
vn 0.9576 -0.2876 0.0141
vn 0.9876 -0.1541 -0.0290
vn -0.7071 0.7071 0.0000
vn 0.8601 0.1006 0.5001
vn 0.8698 -0.1541 0.4686
vn -0.6124 0.7071 -0.3535
vn 0.7472 0.4588 0.4807
vn 0.6125 0.7060 0.3554
vn 0.8030 0.3776 0.4610
vn 0.8112 0.3368 0.4780
vn 0.8308 -0.1329 0.5404
vn 0.8223 -0.2876 0.4910
vn 0.4666 -0.2876 0.8364
vn 0.4493 -0.1329 0.8834
vn 0.5189 -0.1541 0.8408
vn 0.4948 0.1006 0.8631
vn -0.3535 0.7071 -0.6124
vn 0.4068 0.4588 0.7899
vn 0.3527 0.7060 0.6141
vn 0.4649 0.3776 0.8008
vn 0.4635 0.3368 0.8196
vn -0.0084 0.3368 0.9415
vn -0.0030 0.1006 0.9949
vn -0.0141 -0.2876 0.9576
vn -0.0526 -0.1329 0.9897
vn 0.0290 -0.1541 0.9876
vn 0.0000 0.7071 -0.7071
vn -0.0427 0.4588 0.8875
vn -0.0016 0.7060 0.7082
vn 0.0022 0.3776 0.9260
vn -0.5404 -0.1329 0.8308
vn -0.4807 0.4588 0.7472
vn -0.4780 0.3368 0.8112
vn -0.5001 0.1006 0.8601
vn -0.4910 -0.2876 0.8223
vn -0.4686 -0.1541 0.8698
vn 0.3535 0.7071 -0.6124
vn -0.3554 0.7060 0.6125
vn -0.4610 0.3776 0.8030
vn -0.8008 0.3776 0.4649
vn -0.8196 0.3368 0.4635
vn -0.8834 -0.1329 0.4493
vn -0.7899 0.4588 0.4068
vn -0.8631 0.1006 0.4948
vn -0.8364 -0.2876 0.4666
vn -0.8408 -0.1541 0.5189
vn 0.6124 0.7071 -0.3535
vn -0.6141 0.7060 0.3527
vn 0.9893 0.1361 0.0512
vn 0.8312 0.1361 0.5390
vn 0.8218 0.2890 0.4909
vn 0.9572 0.2890 0.0142
vn 0.8695 0.1537 0.4693
vn 0.9877 0.1537 -0.0283
vn 0.8603 -0.1001 0.4999
vn 0.9950 -0.1001 0.0027
vn -0.6631 -0.7485 0.0000
vn -0.5743 -0.7485 -0.3316
vn -0.3395 -0.9199 -0.1960
vn -0.3920 -0.9199 0.0000
vn 0.6881 -0.7256 -0.0031
vn 0.5975 -0.7256 0.3413
vn 0.7403 -0.4715 0.4790
vn 0.8807 -0.4715 0.0447
vn 0.9380 -0.3465 0.0081
vn 0.8083 -0.3465 0.4760
vn 0.7946 -0.3999 0.4567
vn 0.9165 -0.3999 -0.0017
vn 0.1122 -0.9937 -0.0009
vn 0.0976 -0.9937 0.0553
vn 0.0971 -0.9937 0.0560
vn 0.1122 -0.9937 -0.0000
vn 0.0000 -1.0000 0.0000
vn 0.4663 0.2890 0.8361
vn 0.5183 0.1537 0.8412
vn 0.4951 -0.1001 0.8630
vn -0.3316 -0.7485 -0.5743
vn -0.1960 -0.9199 -0.3395
vn 0.3468 -0.7256 0.5943
vn 0.4016 -0.4715 0.7850
vn 0.4620 -0.3465 0.8164
vn 0.4598 -0.3999 0.7929
vn 0.0569 -0.9937 0.0967
vn 0.0561 -0.9937 0.0971
vn 0.4503 0.1361 0.8824
vn 0.0000 -0.9199 -0.3920
vn -0.0512 0.1361 0.9893
vn -0.0142 0.2890 0.9572
vn 0.0283 0.1537 0.9877
vn -0.0027 -0.1001 0.9950
vn 0.0000 -0.7485 -0.6631
vn 0.0031 -0.7256 0.6881
vn -0.0447 -0.4716 0.8807
vn -0.0081 -0.3465 0.9380
vn 0.0017 -0.3999 0.9165
vn 0.0009 -0.9937 0.1122
vn 0.0000 -0.9937 0.1122
vn -0.4790 -0.4715 0.7403
vn -0.5390 0.1361 0.8312
vn -0.4999 -0.1001 0.8603
vn -0.4760 -0.3465 0.8083
vn 0.1960 -0.9199 -0.3395
vn -0.4909 0.2890 0.8218
vn -0.4693 0.1537 0.8695
vn 0.3316 -0.7485 -0.5743
vn -0.3413 -0.7256 0.5975
vn -0.4567 -0.3999 0.7946
vn -0.0553 -0.9937 0.0976
vn -0.0560 -0.9937 0.0971
vn -0.8164 -0.3465 0.4620
vn -0.7929 -0.3999 0.4598
vn -0.0967 -0.9937 0.0569
vn -0.0971 -0.9937 0.0561
vn -0.7850 -0.4715 0.4016
vn -0.8824 0.1361 0.4503
vn -0.8630 -0.1001 0.4951
vn 0.3395 -0.9199 -0.1960
vn -0.8361 0.2890 0.4663
vn -0.8412 0.1537 0.5183
vn 0.5743 -0.7485 -0.3316
vn -0.5943 -0.7256 0.3468
vn -0.6881 -0.7256 0.0031
vn -0.8807 -0.4715 -0.0447
vn -0.9380 -0.3465 -0.0081
vn -0.9165 -0.3999 0.0017
vn -0.1122 -0.9937 0.0009
vn -0.1122 -0.9937 0.0000
vn -0.9893 0.1361 -0.0512
vn -0.9950 -0.1001 -0.0027
vn 0.3920 -0.9199 0.0000
vn -0.9572 0.2890 -0.0142
vn -0.9877 0.1537 0.0283
vn 0.6631 -0.7485 0.0000
vn -0.8695 0.1537 -0.4693
vn -0.8603 -0.1001 -0.4999
vn 0.5743 -0.7485 0.3316
vn 0.3395 -0.9199 0.1960
vn -0.5975 -0.7256 -0.3413
vn -0.7403 -0.4715 -0.4790
vn -0.8083 -0.3465 -0.4760
vn -0.7946 -0.3999 -0.4567
vn -0.0976 -0.9937 -0.0553
vn -0.0971 -0.9937 -0.0560
vn -0.8312 0.1361 -0.5390
vn -0.8218 0.2890 -0.4909
vn -0.4503 0.1361 -0.8824
vn -0.4663 0.2890 -0.8361
vn -0.5183 0.1537 -0.8412
vn -0.4951 -0.1001 -0.8630
vn 0.3316 -0.7485 0.5743
vn 0.1960 -0.9199 0.3395
vn -0.3468 -0.7256 -0.5943
vn -0.4016 -0.4715 -0.7850
vn -0.4620 -0.3465 -0.8164
vn -0.4598 -0.3999 -0.7929
vn -0.0569 -0.9937 -0.0967
vn -0.0561 -0.9937 -0.0971
vn 0.0027 -0.1001 -0.9950
vn 0.0081 -0.3465 -0.9380
vn 0.0000 -0.9199 0.3920
vn 0.0512 0.1361 -0.9893
vn 0.0142 0.2890 -0.9572
vn -0.0283 0.1537 -0.9877
vn 0.0000 -0.7485 0.6631
vn -0.0031 -0.7256 -0.6881
vn 0.0447 -0.4715 -0.8807
vn -0.0017 -0.3999 -0.9165
vn -0.0009 -0.9937 -0.1122
vn -0.0000 -0.9937 -0.1122
vn 0.4790 -0.4715 -0.7403
vn 0.5390 0.1361 -0.8312
vn 0.4999 -0.1001 -0.8603
vn 0.4760 -0.3465 -0.8083
vn -0.1960 -0.9199 0.3395
vn 0.4909 0.2890 -0.8218
vn 0.4693 0.1537 -0.8695
vn -0.3316 -0.7485 0.5743
vn 0.3413 -0.7256 -0.5975
vn 0.4567 -0.3999 -0.7946
vn 0.0553 -0.9937 -0.0976
vn 0.0560 -0.9937 -0.0971
vn 0.8164 -0.3465 -0.4620
vn 0.7929 -0.3999 -0.4598
vn 0.0967 -0.9937 -0.0569
vn 0.0971 -0.9937 -0.0561
vn 0.7850 -0.4715 -0.4016
vn 0.8824 0.1361 -0.4503
vn 0.8630 -0.1001 -0.4951
vn -0.3395 -0.9199 0.1960
vn 0.8361 0.2890 -0.4663
vn 0.8412 0.1537 -0.5183
vn -0.5743 -0.7485 0.3316
vn 0.5943 -0.7256 -0.3468
vn 0.6115 0.7082 0.3529
vn 0.3531 0.7082 0.6114
vn 0.3528 0.7082 0.6116
vn 0.6113 0.7082 0.3533
vn 0.0001 0.7082 0.7060
vn -0.0003 0.7082 0.7060
vn -0.3529 0.7082 0.6115
vn -0.3533 0.7082 0.6113
vn -0.6114 0.7082 0.3531
vn -0.6116 0.7082 0.3528
vn -0.7060 0.7082 0.0001
vn -0.7060 0.7082 -0.0003
vn -0.6115 0.7082 -0.3529
vn -0.6113 0.7082 -0.3533
vn -0.3531 0.7082 -0.6114
vn -0.3527 0.7082 -0.6116
vn -0.0001 0.7082 -0.7060
vn 0.0003 0.7082 -0.7060
vn 0.3529 0.7082 -0.6114
vn 0.3533 0.7082 -0.6113
vn 0.6114 0.7082 -0.3531
vn 0.6116 0.7082 -0.3527
vn 0.7060 0.7082 -0.0001
vn 0.7060 0.7082 0.0003
usemtl Material.002
s 1
f 1816//1499 1817//1500 1706//1501 1705//1502
f 1817//1500 1818//1503 1707//1504 1706//1501
f 1818//1503 1819//1505 1708//1506 1707//1504
f 1990//1507 1989//1507 1945//1508 1948//1508
f 1991//1509 1815//1510 1704//1511 1950//1512
f 1820//1513 1992//1514 1951//1515 1709//1516
f 1821//1517 1822//1517 1711//1517 1710//1517
f 1815//1510 1816//1499 1705//1502 1704//1511
f 1819//1505 1820//1513 1709//1516 1708//1506
f 1823//1517 1773//1517 1712//1517
f 1706//1501 1707//1504 1717//1518 1716//1519
f 1707//1504 1708//1506 1718//1520 1717//1518
f 1948//1508 1945//1508 1946//1521 1947//1521
f 1950//1512 1704//1511 1714//1522 1949//1523
f 1709//1516 1951//1515 1952//1524 1719//1525
f 1710//1517 1711//1517 1721//1517 1720//1517
f 1704//1511 1705//1502 1715//1526 1714//1522
f 1708//1506 1709//1516 1719//1525 1718//1520
f 1712//1517 1773//1517 1722//1517
f 1705//1502 1706//1501 1716//1519 1715//1526
f 1722//1517 1773//1517 1732//1517
f 1715//1526 1716//1519 1726//1527 1725//1528
f 1716//1519 1717//1518 1727//1529 1726//1527
f 1717//1518 1718//1520 1728//1530 1727//1529
f 1947//1521 1946//1521 1953//1531 1954//1531
f 1949//1523 1714//1522 1724//1532 1955//1533
f 1719//1525 1952//1524 1956//1534 1729//1535
f 1720//1517 1721//1517 1731//1517 1730//1517
f 1714//1522 1715//1526 1725//1528 1724//1532
f 1718//1520 1719//1525 1729//1535 1728//1530
f 1724//1532 1725//1528 1735//1536 1734//1537
f 1728//1530 1729//1535 1739//1538 1738//1539
f 1732//1517 1773//1517 1742//1517
f 1725//1528 1726//1527 1736//1540 1735//1536
f 1726//1527 1727//1529 1737//1541 1736//1540
f 1727//1529 1728//1530 1738//1539 1737//1541
f 1954//1531 1953//1531 1957//1542 1958//1542
f 1955//1533 1724//1532 1734//1537 1959//1543
f 1729//1535 1956//1534 1960//1544 1739//1538
f 1730//1517 1731//1517 1741//1517 1740//1517
f 1739//1538 1960//1544 1961//1545 1749//1546
f 1740//1517 1741//1517 1751//1517 1750//1517
f 1734//1537 1735//1536 1745//1547 1744//1548
f 1738//1539 1739//1538 1749//1546 1748//1549
f 1742//1517 1773//1517 1752//1517
f 1735//1536 1736//1540 1746//1550 1745//1547
f 1736//1540 1737//1541 1747//1551 1746//1550
f 1737//1541 1738//1539 1748//1549 1747//1551
f 1958//1542 1957//1542 1963//1552 1962//1552
f 1959//1543 1734//1537 1744//1548 1964//1553
f 1964//1553 1744//1548 1754//1554 1965//1555
f 1749//1546 1961//1545 1966//1556 1759//1557
f 1750//1517 1751//1517 1761//1517 1760//1517
f 1744//1548 1745//1547 1755//1558 1754//1554
f 1748//1549 1749//1546 1759//1557 1758//1559
f 1752//1517 1773//1517 1762//1517
f 1745//1547 1746//1550 1756//1560 1755//1558
f 1746//1550 1747//1551 1757//1561 1756//1560
f 1747//1551 1748//1549 1758//1559 1757//1561
f 1962//1552 1963//1552 1968//1562 1967//1562
f 1757//1561 1758//1559 1768//1563 1767//1564
f 1967//1562 1968//1562 1772//1565 1970//1565
f 1965//1555 1754//1554 1764//1566 1971//1567
f 1759//1557 1966//1556 1972//1568 1769//1569
f 1760//1517 1761//1517 1771//1517 1770//1517
f 1754//1554 1755//1558 1765//1570 1764//1566
f 1758//1559 1759//1557 1769//1569 1768//1563
f 1762//1517 1773//1517 1969//1517
f 1755//1558 1756//1560 1766//1571 1765//1570
f 1756//1560 1757//1561 1767//1564 1766//1571
f 1765//1570 1766//1571 1777//1572 1776//1573
f 1766//1571 1767//1564 1778//1574 1777//1572
f 1767//1564 1768//1563 1779//1575 1778//1574
f 1970//1565 1772//1565 1973//1576 1974//1576
f 1971//1567 1764//1566 1775//1577 1975//1578
f 1769//1569 1972//1568 1976//1579 1780//1580
f 1770//1517 1771//1517 1782//1517 1781//1517
f 1764//1566 1765//1570 1776//1573 1775//1577
f 1768//1563 1769//1569 1780//1580 1779//1575
f 1969//1517 1773//1517 1783//1517
f 1779//1575 1780//1580 1790//1581 1789//1582
f 1783//1517 1773//1517 1793//1517
f 1776//1573 1777//1572 1787//1583 1786//1584
f 1777//1572 1778//1574 1788//1585 1787//1583
f 1778//1574 1779//1575 1789//1582 1788//1585
f 1974//1576 1973//1576 1977//1586 1978//1586
f 1975//1578 1775//1577 1785//1587 1979//1588
f 1780//1580 1976//1579 1980//1589 1790//1581
f 1781//1517 1782//1517 1792//1517 1791//1517
f 1775//1577 1776//1573 1786//1584 1785//1587
f 1785//1587 1786//1584 1796//1590 1795//1591
f 1789//1582 1790//1581 1800//1592 1799//1593
f 1793//1517 1773//1517 1803//1517
f 1786//1584 1787//1583 1797//1594 1796//1590
f 1787//1583 1788//1585 1798//1595 1797//1594
f 1788//1585 1789//1582 1799//1593 1798//1595
f 1978//1586 1977//1586 1981//1596 1982//1596
f 1979//1588 1785//1587 1795//1591 1983//1597
f 1790//1581 1980//1589 1984//1598 1800//1592
f 1791//1517 1792//1517 1802//1517 1801//1517
f 1800//1592 1984//1598 1985//1599 1810//1600
f 1801//1517 1802//1517 1812//1517 1811//1517
f 1795//1591 1796//1590 1806//1601 1805//1602
f 1799//1593 1800//1592 1810//1600 1809//1603
f 1803//1517 1773//1517 1813//1517
f 1796//1590 1797//1594 1807//1604 1806//1601
f 1797//1594 1798//1595 1808//1605 1807//1604
f 1798//1595 1799//1593 1809//1603 1808//1605
f 1982//1596 1981//1596 1987//1606 1986//1606
f 1983//1597 1795//1591 1805//1602 1988//1607
f 1986//1606 1987//1606 1989//1507 1990//1507
f 1988//1607 1805//1602 1815//1510 1991//1509
f 1810//1600 1985//1599 1992//1514 1820//1513
f 1811//1517 1812//1517 1822//1517 1821//1517
f 1805//1602 1806//1601 1816//1499 1815//1510
f 1809//1603 1810//1600 1820//1513 1819//1505
f 1813//1517 1773//1517 1823//1517
f 1806//1601 1807//1604 1817//1500 1816//1499
f 1807//1604 1808//1605 1818//1503 1817//1500
f 1808//1605 1809//1603 1819//1505 1818//1503
f 1937//1608 1826//1609 1827//1610 1938//1611
f 1938//1611 1827//1610 1828//1612 1939//1613
f 1939//1613 1828//1612 1829//1614 1940//1615
f 2026//1616 1994//1617 1833//1618 1944//1619
f 2027//1620 1996//1621 1825//1622 1936//1623
f 1941//1624 1830//1625 1997//1626 2028//1627
f 1942//1628 1831//1629 1832//1630 1943//1631
f 1936//1623 1825//1622 1826//1609 1937//1608
f 1940//1615 1829//1614 1830//1625 1941//1624
f 1944//1619 1833//1618 1894//1632
f 1827//1610 1837//1633 1838//1634 1828//1612
f 1828//1612 1838//1634 1839//1635 1829//1614
f 1994//1617 1993//1636 1843//1637 1833//1618
f 1996//1621 1995//1638 1835//1639 1825//1622
f 1830//1625 1840//1640 1998//1641 1997//1626
f 1831//1629 1841//1642 1842//1643 1832//1630
f 1825//1622 1835//1639 1836//1644 1826//1609
f 1829//1614 1839//1635 1840//1640 1830//1625
f 1833//1618 1843//1637 1894//1632
f 1826//1609 1836//1644 1837//1633 1827//1610
f 1843//1637 1853//1645 1894//1632
f 1836//1644 1846//1646 1847//1647 1837//1633
f 1837//1633 1847//1647 1848//1648 1838//1634
f 1838//1634 1848//1648 1849//1649 1839//1635
f 1993//1636 1999//1650 1853//1645 1843//1637
f 1995//1638 2000//1651 1845//1652 1835//1639
f 1840//1640 1850//1653 2001//1654 1998//1641
f 1841//1642 1851//1655 1852//1656 1842//1643
f 1835//1639 1845//1652 1846//1646 1836//1644
f 1839//1635 1849//1649 1850//1653 1840//1640
f 1845//1652 1855//1657 1856//1658 1846//1646
f 1849//1649 1859//1659 1860//1660 1850//1653
f 1853//1645 1863//1661 1894//1632
f 1846//1646 1856//1658 1857//1662 1847//1647
f 1847//1647 1857//1662 1858//1663 1848//1648
f 1848//1648 1858//1663 1859//1659 1849//1649
f 1999//1650 2002//1664 1863//1661 1853//1645
f 2000//1651 2003//1665 1855//1657 1845//1652
f 1850//1653 1860//1660 2004//1666 2001//1654
f 1851//1655 1861//1667 1862//1668 1852//1656
f 1860//1660 1870//1669 2005//1670 2004//1666
f 1861//1667 1871//1671 1872//1672 1862//1668
f 1855//1657 1865//1673 1866//1674 1856//1658
f 1859//1659 1869//1675 1870//1669 1860//1660
f 1863//1661 1873//1676 1894//1632
f 1856//1658 1866//1674 1867//1677 1857//1662
f 1857//1662 1867//1677 1868//1678 1858//1663
f 1858//1663 1868//1678 1869//1675 1859//1659
f 2002//1664 2006//1679 1873//1676 1863//1661
f 2003//1665 2007//1680 1865//1673 1855//1657
f 2007//1680 2008//1681 1875//1682 1865//1673
f 1870//1669 1880//1683 2009//1684 2005//1670
f 1871//1671 1881//1685 1882//1686 1872//1672
f 1865//1673 1875//1682 1876//1687 1866//1674
f 1869//1675 1879//1688 1880//1683 1870//1669
f 1873//1676 1883//1689 1894//1632
f 1866//1674 1876//1687 1877//1690 1867//1677
f 1867//1677 1877//1690 1878//1691 1868//1678
f 1868//1678 1878//1691 1879//1688 1869//1675
f 2006//1679 2010//1692 1883//1689 1873//1676
f 1878//1691 1888//1693 1889//1694 1879//1688
f 2010//1692 2011//1695 1893//1696 1883//1689
f 2008//1681 2012//1697 1885//1698 1875//1682
f 1880//1683 1890//1699 2013//1700 2009//1684
f 1881//1685 1891//1701 1892//1702 1882//1686
f 1875//1682 1885//1698 1886//1703 1876//1687
f 1879//1688 1889//1694 1890//1699 1880//1683
f 1883//1689 1893//1696 1894//1632
f 1876//1687 1886//1703 1887//1704 1877//1690
f 1877//1690 1887//1704 1888//1693 1878//1691
f 1886//1703 1897//1705 1898//1706 1887//1704
f 1887//1704 1898//1706 1899//1707 1888//1693
f 1888//1693 1899//1707 1900//1708 1889//1694
f 2011//1695 2014//1709 1904//1710 1893//1696
f 2012//1697 2015//1711 1896//1712 1885//1698
f 1890//1699 1901//1713 2016//1714 2013//1700
f 1891//1701 1902//1715 1903//1716 1892//1702
f 1885//1698 1896//1712 1897//1705 1886//1703
f 1889//1694 1900//1708 1901//1713 1890//1699
f 1893//1696 1904//1710 1894//1632
f 1900//1708 1910//1717 1911//1718 1901//1713
f 1904//1710 1914//1719 1894//1632
f 1897//1705 1907//1720 1908//1721 1898//1706
f 1898//1706 1908//1721 1909//1722 1899//1707
f 1899//1707 1909//1722 1910//1717 1900//1708
f 2014//1709 2017//1723 1914//1719 1904//1710
f 2015//1711 2018//1724 1906//1725 1896//1712
f 1901//1713 1911//1718 2019//1726 2016//1714
f 1902//1715 1912//1727 1913//1728 1903//1716
f 1896//1712 1906//1725 1907//1720 1897//1705
f 1906//1725 1916//1729 1917//1730 1907//1720
f 1910//1717 1920//1731 1921//1732 1911//1718
f 1914//1719 1924//1733 1894//1632
f 1907//1720 1917//1730 1918//1734 1908//1721
f 1908//1721 1918//1734 1919//1735 1909//1722
f 1909//1722 1919//1735 1920//1731 1910//1717
f 2017//1723 2020//1736 1924//1733 1914//1719
f 2018//1724 2021//1737 1916//1729 1906//1725
f 1911//1718 1921//1732 2022//1738 2019//1726
f 1912//1727 1922//1739 1923//1740 1913//1728
f 1921//1732 1931//1741 2023//1742 2022//1738
f 1922//1739 1932//1743 1933//1744 1923//1740
f 1916//1729 1926//1745 1927//1746 1917//1730
f 1920//1731 1930//1747 1931//1741 1921//1732
f 1924//1733 1934//1748 1894//1632
f 1917//1730 1927//1746 1928//1749 1918//1734
f 1918//1734 1928//1749 1929//1750 1919//1735
f 1919//1735 1929//1750 1930//1747 1920//1731
f 2020//1736 2024//1751 1934//1748 1924//1733
f 2021//1737 2025//1752 1926//1745 1916//1729
f 2024//1751 2026//1616 1944//1619 1934//1748
f 2025//1752 2027//1620 1936//1623 1926//1745
f 1931//1741 1941//1624 2028//1627 2023//1742
f 1932//1743 1942//1628 1943//1631 1933//1744
f 1926//1745 1936//1623 1937//1608 1927//1746
f 1930//1747 1940//1615 1941//1624 1931//1741
f 1934//1748 1944//1619 1894//1632
f 1927//1746 1937//1608 1938//1611 1928//1749
f 1928//1749 1938//1611 1939//1613 1929//1750
f 1929//1750 1939//1613 1940//1615 1930//1747
f 1703//1753 1713//1754 1834//1755 1824//1756
f 1713//1754 1723//1757 1844//1758 1834//1755
f 1723//1757 1733//1759 1854//1760 1844//1758
f 1733//1759 1743//1761 1864//1762 1854//1760
f 1743//1761 1753//1763 1874//1764 1864//1762
f 1753//1763 1763//1765 1884//1766 1874//1764
f 1763//1765 1774//1767 1895//1768 1884//1766
f 1774//1767 1784//1769 1905//1770 1895//1768
f 1784//1769 1794//1771 1915//1772 1905//1770
f 1794//1771 1804//1773 1925//1774 1915//1772
f 1804//1773 1814//1775 1935//1776 1925//1774
f 1814//1775 1703//1753 1824//1756 1935//1776
o vase.065_vase.1293
v -1.571114 0.194936 -3.098280
v -0.591715 3.114413 -2.532824
v -0.776244 2.893827 -2.654381
v -0.859484 2.356233 -2.705793
v -0.849364 1.870444 -2.739243
v -0.415094 1.749828 -2.534075
v -0.488802 0.714166 -2.419050
v -0.439969 0.061411 -2.535531
v -0.768682 0.105399 -2.697380
v -0.873237 0.105399 -2.695360
v -0.950779 0.194936 -2.740129
v -1.005658 3.114413 -2.118881
v -1.104686 2.893827 -2.316418
v -1.151068 2.356233 -2.402562
v -1.125579 1.870444 -2.426470
v -0.852074 1.749828 -2.031654
v -0.973420 0.714166 -1.968894
v -0.872889 0.061411 -2.045352
v -1.076637 0.105399 -2.349874
v -1.168195 0.105399 -2.400403
v -1.212964 0.194936 -2.477945
v -1.571115 3.114413 -1.967368
v -1.558107 2.893827 -2.187954
v -1.555203 2.356233 -2.285748
v -1.521175 1.870444 -2.293708
v -1.481721 1.749828 -1.815035
v -1.618189 0.714166 -1.821356
v -1.492898 0.061411 -1.837306
v -1.517088 0.105399 -2.202904
v -1.571115 0.105399 -2.292441
v -1.571115 0.194936 -2.381979
v -2.136571 3.114413 -2.118882
v -2.015013 2.893827 -2.303411
v -1.963601 2.356233 -2.386651
v -1.930152 1.870444 -2.376531
v -2.135320 1.749828 -1.942261
v -2.250345 0.714166 -2.015969
v -2.133864 0.061411 -1.967137
v -1.972014 0.105399 -2.295848
v -1.974034 0.105399 -2.400404
v -1.929265 0.194936 -2.477946
v -2.550514 3.114413 -2.532826
v -2.352977 2.893827 -2.631854
v -2.266833 2.356233 -2.678235
v -2.242924 1.870444 -2.652746
v -2.637741 1.749828 -2.379242
v -2.700500 0.714166 -2.500587
v -2.624042 0.061411 -2.400057
v -2.319520 0.105399 -2.603805
v -2.268991 0.105399 -2.695362
v -2.191449 0.194936 -2.740131
v -2.702026 3.114413 -3.098283
v -2.481440 2.893827 -3.085275
v -2.383646 2.356233 -3.082370
v -2.375686 1.870444 -3.048342
v -2.854359 1.749828 -3.008889
v -2.848038 0.714166 -3.145357
v -2.832088 0.061411 -3.020066
v -2.466490 0.105399 -3.044255
v -2.376953 0.105399 -3.098282
v -2.287415 0.194936 -3.098282
v -2.550511 3.114413 -3.663739
v -2.365982 2.893827 -3.542181
v -2.282743 2.356233 -3.490768
v -2.292862 1.870444 -3.457319
v -2.727132 1.749828 -3.662488
v -2.653424 0.714166 -3.777512
v -2.702257 0.061411 -3.661032
v -2.373545 0.105399 -3.499182
v -2.268990 0.105399 -3.501201
v -2.191448 0.194936 -3.456432
v -2.136567 3.114413 -4.077681
v -2.037539 2.893827 -3.880144
v -1.991158 2.356233 -3.793999
v -2.016647 1.870444 -3.770091
v -2.290151 1.749828 -4.164908
v -2.168805 0.714166 -4.227668
v -2.269336 0.061411 -4.151209
v -2.065588 0.105399 -3.846687
v -1.974031 0.105399 -3.796158
v -1.929263 0.194936 -3.718616
v -1.571110 3.114413 -4.229192
v -1.584118 2.893827 -4.008606
v -1.587023 2.356233 -3.910813
v -1.621051 1.870444 -3.902852
v -1.660504 1.749828 -4.381526
v -1.524035 0.714166 -4.375204
v -1.649327 0.061411 -4.359255
v -1.625138 0.105399 -3.993657
v -1.571111 0.105399 -3.904119
v -1.571111 0.194936 -3.814581
v -1.005654 3.114413 -4.077677
v -1.127212 2.893827 -3.893148
v -1.178625 2.356233 -3.809908
v -1.212074 1.870444 -3.820028
v -1.006905 1.749828 -4.254298
v -0.891881 0.714166 -4.180590
v -1.008361 0.061411 -4.229423
v -1.170211 0.105399 -3.900711
v -1.168192 0.105399 -3.796156
v -1.212961 0.194936 -3.718614
v -0.591713 3.114413 -3.663732
v -0.789250 2.893827 -3.564705
v -0.875394 2.356233 -3.518324
v -0.899302 1.870444 -3.543812
v -0.504485 1.749828 -3.817316
v -0.441726 0.714166 -3.695971
v -0.518184 0.061411 -3.796501
v -0.822707 0.105399 -3.592754
v -0.873235 0.105399 -3.501197
v -0.950777 0.194936 -3.456429
v -0.440202 3.114413 -3.098275
v -0.660787 2.893827 -3.111284
v -0.758581 2.356233 -3.114188
v -0.766542 1.870444 -3.148216
v -0.287868 1.749828 -3.187669
v -0.294190 0.714166 -3.051201
v -0.310139 0.061411 -3.176492
v -0.675737 0.105399 -3.152303
v -0.765275 0.105399 -3.098277
v -0.854813 0.194936 -3.098277
v -1.571114 0.108936 -3.098280
v -0.539087 3.053617 -2.502331
v -0.710582 2.852078 -2.617760
v -0.784376 2.347816 -2.664763
v -0.792014 1.927573 -2.710207
v -0.352264 1.798585 -2.501354
v -0.414854 0.712864 -2.375167
v -0.385491 0.001285 -2.507022
v -0.774036 0.019608 -2.700055
v -0.897499 0.024091 -2.709368
v -0.983130 0.117474 -2.758806
v -0.975329 3.053617 -2.066161
v -1.066131 2.852078 -2.251871
v -1.106539 2.347816 -2.329472
v -1.090433 1.927573 -2.372650
v -0.814023 1.798585 -1.971902
v -0.931321 0.712864 -1.893914
v -0.839964 0.001285 -1.993425
v -1.079936 0.019608 -2.354867
v -1.182202 0.024091 -2.424665
v -1.231640 0.117474 -2.510296
v -1.571207 3.053617 -1.906546
v -1.556992 2.852078 -2.112778
v -1.553185 2.347816 -2.200186
v -1.517648 1.927573 -2.229524
v -1.478645 1.798585 -1.744260
v -1.619218 0.712864 -1.735374
v -1.490349 0.001285 -1.775872
v -1.517447 0.019608 -2.208877
v -1.571115 0.024091 -2.320456
v -1.571115 0.117474 -2.419332
v -2.167064 3.053617 -2.066254
v -2.051634 2.852078 -2.237750
v -2.004632 2.347816 -2.311543
v -1.959188 1.927573 -2.319184
v -2.168041 1.798585 -1.879431
v -2.294228 0.712864 -1.942021
v -2.162373 0.001285 -1.912658
v -1.969340 0.019608 -2.301203
v -1.960027 0.024091 -2.424665
v -1.910589 0.117474 -2.510296
v -2.603234 3.053617 -2.502496
v -2.417523 2.852078 -2.593298
v -2.339922 2.347816 -2.633706
v -2.296744 1.927573 -2.617601
v -2.697493 1.798585 -2.341191
v -2.775480 0.712864 -2.458489
v -2.675970 0.001285 -2.367131
v -2.314528 0.019608 -2.607104
v -2.244730 0.024091 -2.709369
v -2.159099 0.117474 -2.758807
v -2.762848 3.053617 -3.098375
v -2.556616 2.852078 -3.084159
v -2.469208 2.347816 -3.080352
v -2.439870 1.927573 -3.044815
v -2.925134 1.798585 -3.005813
v -2.934019 0.712864 -3.146386
v -2.893522 0.001285 -3.017517
v -2.460517 0.019608 -3.044615
v -2.348938 0.024091 -3.098282
v -2.250062 0.117474 -3.098282
v -2.603139 3.053617 -3.694232
v -2.431644 2.852078 -3.578802
v -2.357851 2.347816 -3.531799
v -2.350210 1.927573 -3.486355
v -2.789962 1.798585 -3.695209
v -2.727372 0.712864 -3.821395
v -2.756735 0.001285 -3.689540
v -2.368191 0.019608 -3.496507
v -2.244728 0.024091 -3.487194
v -2.159097 0.117474 -3.437756
v -2.166897 3.053617 -4.130401
v -2.076092 2.852078 -3.944690
v -2.035687 2.347816 -3.867089
v -2.051793 1.927573 -3.823911
v -2.328202 1.798585 -4.224660
v -2.210904 0.712864 -4.302647
v -2.302261 0.001285 -4.203137
v -2.062289 0.019608 -3.841695
v -1.960024 0.024091 -3.771897
v -1.910586 0.117474 -3.686265
v -1.571018 3.053617 -4.290015
v -1.585233 2.852078 -4.083783
v -1.589041 2.347816 -3.996375
v -1.624578 1.927573 -3.967036
v -1.663580 1.798585 -4.452301
v -1.523007 0.712864 -4.461185
v -1.651875 0.001285 -4.420689
v -1.624778 0.019608 -3.987683
v -1.571111 0.024091 -3.876104
v -1.571111 0.117474 -3.777228
v -0.975161 3.053617 -4.130302
v -1.090591 2.852078 -3.958810
v -1.137594 2.347816 -3.885016
v -1.183038 1.927573 -3.877376
v -0.974184 1.798585 -4.317128
v -0.847997 0.712864 -4.254538
v -0.979852 0.001285 -4.283901
v -1.172886 0.019608 -3.895357
v -1.182199 0.024091 -3.771894
v -1.231637 0.117474 -3.686263
v -0.538993 3.053617 -3.694062
v -0.724703 2.852078 -3.603258
v -0.802304 2.347816 -3.562852
v -0.845482 1.927573 -3.578958
v -0.444734 1.798585 -3.855367
v -0.366746 0.712864 -3.738069
v -0.466256 0.001285 -3.829427
v -0.827699 0.019608 -3.589455
v -0.897497 0.024091 -3.487189
v -0.983128 0.117474 -3.437752
v -0.379379 3.053617 -3.098183
v -0.585611 2.852078 -3.112399
v -0.673019 2.347816 -3.116207
v -0.702357 1.927573 -3.151744
v -0.217093 1.798585 -3.190745
v -0.208208 0.712864 -3.050172
v -0.248705 0.001285 -3.179040
v -0.681711 0.019608 -3.151944
v -0.793290 0.024091 -3.098277
v -0.892166 0.117474 -3.098277
v -0.852074 1.749828 -2.031654
v -0.415094 1.749828 -2.534075
v -0.950779 0.194936 -2.740129
v -1.212964 0.194936 -2.477945
v -1.168195 0.105399 -2.400403
v -0.873237 0.105399 -2.695360
v -1.005658 3.114413 -2.118881
v -0.591715 3.114413 -2.532824
v -0.872889 0.061411 -2.045352
v -0.439969 0.061411 -2.535531
v -0.849364 1.870444 -2.739243
v -1.125579 1.870444 -2.426470
v -1.521175 1.870444 -2.293708
v -1.481721 1.749828 -1.815035
v -1.571115 0.194936 -2.381979
v -1.571115 0.105399 -2.292441
v -1.571115 3.114413 -1.967368
v -1.492898 0.061411 -1.837306
v -2.133864 0.061411 -1.967137
v -1.929265 0.194936 -2.477946
v -1.930152 1.870444 -2.376531
v -2.135320 1.749828 -1.942261
v -1.974034 0.105399 -2.400404
v -2.136571 3.114413 -2.118882
v -2.624042 0.061411 -2.400057
v -2.191449 0.194936 -2.740131
v -2.242924 1.870444 -2.652746
v -2.637741 1.749828 -2.379242
v -2.268991 0.105399 -2.695362
v -2.550514 3.114413 -2.532826
v -2.832088 0.061411 -3.020066
v -2.376953 0.105399 -3.098282
v -2.287415 0.194936 -3.098282
v -2.375686 1.870444 -3.048342
v -2.854359 1.749828 -3.008889
v -2.702026 3.114413 -3.098283
v -2.191448 0.194936 -3.456432
v -2.268990 0.105399 -3.501201
v -2.550511 3.114413 -3.663739
v -2.702257 0.061411 -3.661032
v -2.292862 1.870444 -3.457319
v -2.727132 1.749828 -3.662488
v -2.290151 1.749828 -4.164908
v -2.016647 1.870444 -3.770091
v -1.929263 0.194936 -3.718616
v -1.974031 0.105399 -3.796158
v -2.136567 3.114413 -4.077681
v -2.269336 0.061411 -4.151209
v -1.571111 0.194936 -3.814581
v -1.621051 1.870444 -3.902852
v -1.660504 1.749828 -4.381526
v -1.571111 0.105399 -3.904119
v -1.571110 3.114413 -4.229192
v -1.649327 0.061411 -4.359255
v -1.008361 0.061411 -4.229423
v -1.212961 0.194936 -3.718614
v -1.212074 1.870444 -3.820028
v -1.006905 1.749828 -4.254298
v -1.168192 0.105399 -3.796156
v -1.005654 3.114413 -4.077677
v -0.873235 0.105399 -3.501197
v -0.518184 0.061411 -3.796501
v -0.950777 0.194936 -3.456429
v -0.899302 1.870444 -3.543812
v -0.504485 1.749828 -3.817316
v -0.591713 3.114413 -3.663732
v -0.440202 3.114413 -3.098275
v -0.310139 0.061411 -3.176492
v -0.765275 0.105399 -3.098277
v -0.854813 0.194936 -3.098277
v -0.766542 1.870444 -3.148216
v -0.287868 1.749828 -3.187669
v -0.814023 1.798585 -1.971902
v -0.352264 1.798585 -2.501354
v -0.983130 0.117474 -2.758806
v -1.231640 0.117474 -2.510296
v -0.975329 3.053617 -2.066161
v -0.539087 3.053617 -2.502331
v -0.839964 0.001285 -1.993425
v -0.385491 0.001285 -2.507022
v -0.792014 1.927573 -2.710207
v -1.090433 1.927573 -2.372650
v -1.517648 1.927573 -2.229524
v -1.478645 1.798585 -1.744260
v -1.571115 0.117474 -2.419332
v -1.571207 3.053617 -1.906546
v -1.490349 0.001285 -1.775872
v -2.162373 0.001285 -1.912658
v -1.910589 0.117474 -2.510296
v -1.959188 1.927573 -2.319184
v -2.168041 1.798585 -1.879431
v -2.167064 3.053617 -2.066254
v -2.675970 0.001285 -2.367131
v -2.159099 0.117474 -2.758807
v -2.296744 1.927573 -2.617601
v -2.697493 1.798585 -2.341191
v -2.603234 3.053617 -2.502496
v -2.893522 0.001285 -3.017517
v -2.250062 0.117474 -3.098282
v -2.439870 1.927573 -3.044815
v -2.925134 1.798585 -3.005813
v -2.762848 3.053617 -3.098375
v -2.159097 0.117474 -3.437756
v -2.603139 3.053617 -3.694232
v -2.756735 0.001285 -3.689540
v -2.350210 1.927573 -3.486355
v -2.789962 1.798585 -3.695209
v -2.328202 1.798585 -4.224660
v -2.051793 1.927573 -3.823911
v -1.910586 0.117474 -3.686265
v -2.166897 3.053617 -4.130401
v -2.302261 0.001285 -4.203137
v -1.571111 0.117474 -3.777228
v -1.624578 1.927573 -3.967036
v -1.663580 1.798585 -4.452301
v -1.571018 3.053617 -4.290015
v -1.651875 0.001285 -4.420689
v -0.979852 0.001285 -4.283901
v -1.231637 0.117474 -3.686263
v -1.183038 1.927573 -3.877376
v -0.974184 1.798585 -4.317128
v -0.975161 3.053617 -4.130302
v -0.466256 0.001285 -3.829427
v -0.983128 0.117474 -3.437752
v -0.845482 1.927573 -3.578958
v -0.444734 1.798585 -3.855367
v -0.538993 3.053617 -3.694062
v -0.379379 3.053617 -3.098183
v -0.248705 0.001285 -3.179040
v -0.892166 0.117474 -3.098277
v -0.702357 1.927573 -3.151744
v -0.217093 1.798585 -3.190745
vn -0.2431 -0.9698 0.0155
vn -0.2430 -0.9698 0.0168
vn -0.2188 -0.9698 -0.1069
vn -0.2183 -0.9698 -0.1081
vn -0.9992 0.0083 0.0380
vn -0.9998 0.0151 -0.0120
vn -0.8599 0.0151 -0.5103
vn -0.8844 0.0083 -0.4667
vn 0.7071 0.7071 0.0000
vn 0.6124 0.7071 0.3535
vn -0.7072 0.7069 -0.0011
vn -0.8741 0.4855 0.0130
vn -0.7635 0.4855 -0.4258
vn -0.6120 0.7069 -0.3546
vn 0.1190 0.9929 -0.0074
vn 0.0695 0.9976 -0.0042
vn 0.0623 0.9976 0.0311
vn 0.1067 0.9929 0.0531
vn 0.0000 1.0000 0.0000
vn -0.9949 0.0979 0.0235
vn -0.8733 0.0979 -0.4771
vn -0.9988 0.0220 0.0436
vn -0.8868 0.0220 -0.4617
vn -0.9985 0.0135 0.0523
vn -0.8909 0.0135 -0.4540
vn -0.4895 0.0151 -0.8719
vn -0.5325 0.0083 -0.8463
vn 0.3535 0.7071 0.6124
vn -0.4483 0.4855 -0.7505
vn -0.3527 0.7069 -0.6130
vn 0.0384 0.9976 0.0580
vn 0.0659 0.9929 0.0993
vn -0.5178 0.0979 -0.8499
vn -0.5371 0.0220 -0.8432
vn -0.5446 0.0135 -0.8386
vn -0.1361 -0.9698 -0.2020
vn -0.1350 -0.9698 -0.2028
vn -0.0523 0.0135 -0.9985
vn -0.0235 0.0979 -0.9949
vn -0.0168 -0.9698 -0.2430
vn -0.0155 -0.9698 -0.2431
vn 0.0120 0.0151 -0.9998
vn -0.0380 0.0083 -0.9992
vn 0.0000 0.7071 0.7071
vn -0.0130 0.4855 -0.8741
vn 0.0011 0.7069 -0.7072
vn 0.0042 0.9976 0.0695
vn 0.0074 0.9929 0.1190
vn -0.0436 0.0220 -0.9988
vn 0.4617 0.0220 -0.8868
vn 0.5103 0.0151 -0.8599
vn 0.4540 0.0135 -0.8909
vn 0.4771 0.0979 -0.8733
vn 0.1069 -0.9698 -0.2188
vn 0.1081 -0.9698 -0.2183
vn 0.4667 0.0083 -0.8844
vn -0.3535 0.7071 0.6124
vn 0.4258 0.4855 -0.7635
vn 0.3546 0.7069 -0.6120
vn -0.0311 0.9976 0.0623
vn -0.0531 0.9929 0.1067
vn 0.8499 0.0979 -0.5178
vn 0.7505 0.4855 -0.4483
vn 0.8432 0.0220 -0.5371
vn 0.8719 0.0151 -0.4895
vn 0.8386 0.0135 -0.5446
vn 0.2020 -0.9698 -0.1361
vn 0.2028 -0.9698 -0.1350
vn 0.8463 0.0083 -0.5325
vn -0.6124 0.7071 0.3535
vn 0.6130 0.7069 -0.3527
vn -0.0580 0.9976 0.0384
vn -0.0993 0.9929 0.0659
vn -0.0695 0.9976 0.0042
vn -0.1190 0.9929 0.0074
vn 0.9949 0.0979 -0.0235
vn 0.8741 0.4855 -0.0130
vn 0.9988 0.0220 -0.0436
vn 0.9998 0.0151 0.0120
vn 0.9985 0.0135 -0.0523
vn 0.2430 -0.9698 -0.0168
vn 0.2431 -0.9698 -0.0155
vn 0.9992 0.0083 -0.0380
vn -0.7071 0.7071 0.0000
vn 0.7072 0.7069 0.0011
vn -0.6124 0.7071 -0.3535
vn 0.7635 0.4855 0.4258
vn 0.6120 0.7069 0.3546
vn -0.0623 0.9976 -0.0311
vn -0.1067 0.9929 -0.0531
vn 0.8733 0.0979 0.4771
vn 0.8868 0.0220 0.4617
vn 0.8599 0.0151 0.5103
vn 0.8909 0.0135 0.4540
vn 0.2188 -0.9698 0.1069
vn 0.2183 -0.9698 0.1081
vn 0.8844 0.0083 0.4667
vn 0.1361 -0.9698 0.2020
vn 0.1350 -0.9698 0.2028
vn 0.4895 0.0151 0.8719
vn 0.5325 0.0083 0.8463
vn -0.3535 0.7071 -0.6124
vn 0.4483 0.4855 0.7505
vn 0.3527 0.7069 0.6130
vn -0.0384 0.9976 -0.0580
vn -0.0659 0.9929 -0.0993
vn 0.5178 0.0979 0.8499
vn 0.5371 0.0220 0.8432
vn 0.5445 0.0135 0.8386
vn 0.0523 0.0135 0.9985
vn 0.0235 0.0979 0.9949
vn 0.0168 -0.9698 0.2430
vn 0.0155 -0.9698 0.2431
vn -0.0120 0.0151 0.9998
vn 0.0380 0.0083 0.9992
vn 0.0000 0.7071 -0.7071
vn 0.0130 0.4855 0.8741
vn -0.0011 0.7069 0.7072
vn -0.0042 0.9976 -0.0695
vn -0.0074 0.9929 -0.1190
vn 0.0436 0.0220 0.9988
vn -0.4617 0.0220 0.8868
vn -0.5103 0.0151 0.8599
vn -0.4540 0.0135 0.8909
vn -0.4771 0.0979 0.8733
vn -0.1069 -0.9698 0.2188
vn -0.1081 -0.9698 0.2183
vn -0.4667 0.0083 0.8844
vn 0.3535 0.7071 -0.6124
vn -0.4258 0.4855 0.7635
vn -0.3546 0.7069 0.6119
vn 0.0311 0.9976 -0.0623
vn 0.0531 0.9929 -0.1067
vn 0.0580 0.9976 -0.0384
vn -0.8499 0.0979 0.5178
vn -0.7505 0.4855 0.4483
vn -0.8432 0.0220 0.5371
vn -0.8719 0.0151 0.4895
vn -0.8386 0.0135 0.5445
vn -0.2020 -0.9698 0.1361
vn -0.2028 -0.9698 0.1350
vn -0.8463 0.0083 0.5325
vn 0.6124 0.7071 -0.3535
vn -0.6130 0.7069 0.3527
vn 0.0993 0.9929 -0.0659
vn 0.2556 0.9666 -0.0161
vn 0.2294 0.9666 0.1139
vn 0.2300 0.9666 0.1127
vn 0.2555 0.9666 -0.0174
vn 0.9993 0.0060 -0.0375
vn 0.8842 0.0060 0.4671
vn 0.8602 -0.0241 0.5094
vn 0.9996 -0.0241 0.0110
vn -0.3360 -0.9419 -0.0008
vn -0.2906 -0.9419 -0.1687
vn -0.5946 -0.7270 -0.3433
vn -0.6866 -0.7270 0.0000
vn 0.6991 -0.7150 0.0020
vn 0.6044 -0.7150 0.3513
vn 0.7627 -0.4876 0.4248
vn 0.8729 -0.4876 -0.0134
vn -0.0421 -0.9991 0.0026
vn -0.0378 -0.9991 -0.0188
vn -0.0371 -0.9991 -0.0176
vn -0.0410 -0.9991 0.0033
vn 0.8707 -0.1196 0.4770
vn 0.9926 -0.1196 -0.0222
vn 0.8849 -0.0546 0.4626
vn 0.9976 -0.0546 -0.0418
vn 0.0126 -0.9999 0.0000
vn 0.0109 -0.9999 0.0063
vn 0.0000 -1.0000 0.0000
vn 0.8901 -0.0662 0.4508
vn 0.9963 -0.0662 -0.0546
vn 0.5322 0.0060 0.8466
vn 0.4902 -0.0241 0.8712
vn -0.1673 -0.9419 -0.2914
vn -0.3433 -0.7270 -0.5946
vn 0.3478 -0.7150 0.6064
vn 0.4481 -0.4876 0.7493
vn -0.0233 -0.9991 -0.0352
vn -0.0234 -0.9991 -0.0338
vn 0.5155 -0.1196 0.8484
vn 0.5350 -0.0546 0.8430
vn 0.0063 -0.9999 0.0109
vn 0.5455 -0.0662 0.8355
vn 0.1418 0.9666 0.2133
vn 0.1428 0.9666 0.2126
vn 0.0222 -0.1196 0.9926
vn 0.0546 -0.0662 0.9963
vn 0.0161 0.9666 0.2556
vn 0.0174 0.9666 0.2555
vn 0.0376 0.0060 0.9993
vn -0.0110 -0.0241 0.9996
vn 0.0008 -0.9419 -0.3360
vn 0.0000 -0.7270 -0.6866
vn -0.0020 -0.7150 0.6991
vn 0.0134 -0.4876 0.8729
vn -0.0026 -0.9991 -0.0421
vn -0.0033 -0.9991 -0.0410
vn 0.0418 -0.0546 0.9976
vn 0.0000 -0.9999 0.0126
vn -0.5094 -0.0241 0.8602
vn -0.4626 -0.0546 0.8849
vn -0.0063 -0.9999 0.0109
vn -0.4770 -0.1196 0.8707
vn -0.4508 -0.0662 0.8901
vn -0.1139 0.9666 0.2294
vn -0.1127 0.9666 0.2300
vn -0.4671 0.0060 0.8842
vn 0.1687 -0.9419 -0.2906
vn 0.3433 -0.7270 -0.5946
vn -0.3513 -0.7150 0.6044
vn -0.4248 -0.4876 0.7627
vn 0.0188 -0.9991 -0.0378
vn 0.0176 -0.9991 -0.0371
vn -0.7493 -0.4876 0.4481
vn -0.8484 -0.1196 0.5155
vn -0.8712 -0.0241 0.4902
vn -0.8430 -0.0546 0.5350
vn -0.0109 -0.9999 0.0063
vn -0.8355 -0.0662 0.5455
vn -0.2133 0.9666 0.1418
vn -0.2126 0.9666 0.1428
vn -0.8466 0.0060 0.5322
vn 0.2914 -0.9419 -0.1673
vn 0.5946 -0.7270 -0.3433
vn -0.6064 -0.7150 0.3478
vn 0.0352 -0.9991 -0.0233
vn 0.0338 -0.9991 -0.0234
vn 0.0421 -0.9991 -0.0026
vn 0.0410 -0.9991 -0.0033
vn 0.3360 -0.9419 0.0008
vn -0.8729 -0.4876 0.0134
vn -0.9926 -0.1196 0.0222
vn -0.9996 -0.0241 -0.0110
vn -0.9976 -0.0546 0.0418
vn -0.0126 -0.9999 0.0000
vn -0.9963 -0.0662 0.0546
vn -0.2556 0.9666 0.0161
vn -0.2555 0.9666 0.0174
vn -0.9993 0.0060 0.0376
vn 0.6866 -0.7270 0.0000
vn -0.6991 -0.7150 -0.0020
vn 0.2906 -0.9419 0.1687
vn 0.5946 -0.7270 0.3433
vn -0.6044 -0.7150 -0.3513
vn -0.7627 -0.4876 -0.4248
vn 0.0378 -0.9991 0.0188
vn 0.0371 -0.9991 0.0176
vn -0.8707 -0.1196 -0.4770
vn -0.8602 -0.0241 -0.5094
vn -0.8849 -0.0546 -0.4626
vn -0.0109 -0.9999 -0.0063
vn -0.8901 -0.0662 -0.4508
vn -0.2294 0.9666 -0.1139
vn -0.2300 0.9666 -0.1127
vn -0.8842 0.0060 -0.4671
vn -0.1418 0.9666 -0.2133
vn -0.1428 0.9666 -0.2126
vn -0.5322 0.0060 -0.8466
vn -0.4902 -0.0241 -0.8712
vn 0.1673 -0.9419 0.2914
vn 0.3433 -0.7270 0.5946
vn -0.3478 -0.7150 -0.6064
vn -0.4481 -0.4876 -0.7493
vn 0.0233 -0.9991 0.0352
vn 0.0234 -0.9991 0.0338
vn -0.5155 -0.1196 -0.8485
vn -0.5350 -0.0546 -0.8430
vn -0.0063 -0.9999 -0.0109
vn -0.5455 -0.0662 -0.8355
vn 0.0000 -0.9999 -0.0126
vn -0.0222 -0.1196 -0.9926
vn -0.0546 -0.0662 -0.9963
vn -0.0161 0.9666 -0.2556
vn -0.0174 0.9666 -0.2555
vn -0.0375 0.0060 -0.9993
vn 0.0110 -0.0241 -0.9996
vn -0.0008 -0.9419 0.3360
vn 0.0000 -0.7270 0.6866
vn 0.0020 -0.7150 -0.6991
vn -0.0134 -0.4876 -0.8729
vn 0.0026 -0.9991 0.0421
vn 0.0033 -0.9991 0.0410
vn -0.0418 -0.0546 -0.9976
vn 0.5094 -0.0241 -0.8602
vn 0.4626 -0.0546 -0.8849
vn 0.0063 -0.9999 -0.0109
vn 0.4770 -0.1196 -0.8707
vn 0.4508 -0.0662 -0.8901
vn 0.1139 0.9666 -0.2294
vn 0.1127 0.9666 -0.2300
vn 0.4671 0.0060 -0.8842
vn -0.1687 -0.9419 0.2906
vn -0.3433 -0.7270 0.5946
vn 0.3513 -0.7150 -0.6044
vn 0.4248 -0.4876 -0.7627
vn -0.0188 -0.9991 0.0378
vn -0.0176 -0.9991 0.0371
vn -0.0338 -0.9991 0.0234
vn -0.2914 -0.9419 0.1673
vn 0.7493 -0.4876 -0.4481
vn 0.8485 -0.1196 -0.5155
vn 0.8712 -0.0241 -0.4902
vn 0.8430 -0.0546 -0.5350
vn 0.0109 -0.9999 -0.0063
vn 0.8355 -0.0662 -0.5455
vn 0.2133 0.9666 -0.1418
vn 0.2126 0.9666 -0.1428
vn 0.8466 0.0060 -0.5322
vn -0.5946 -0.7270 0.3433
vn 0.6064 -0.7150 -0.3478
vn -0.0352 -0.9991 0.0233
vn 0.6123 0.7072 0.3534
vn 0.3535 0.7072 0.6122
vn 0.3533 0.7072 0.6123
vn 0.6121 0.7072 0.3536
vn 0.0001 0.7072 0.7069
vn -0.0002 0.7072 0.7069
vn -0.3534 0.7072 0.6123
vn -0.3536 0.7072 0.6121
vn -0.6122 0.7072 0.3535
vn -0.6123 0.7072 0.3533
vn -0.7069 0.7072 0.0001
vn -0.7069 0.7072 -0.0002
vn -0.6123 0.7072 -0.3534
vn -0.6121 0.7072 -0.3536
vn -0.3535 0.7072 -0.6122
vn -0.3533 0.7072 -0.6123
vn -0.0001 0.7072 -0.7069
vn 0.0002 0.7072 -0.7069
vn 0.3534 0.7072 -0.6123
vn 0.3536 0.7072 -0.6121
vn 0.6122 0.7072 -0.3535
vn 0.6123 0.7072 -0.3533
vn 0.7069 0.7072 -0.0001
vn 0.7069 0.7072 0.0002
usemtl Material
s 1
f 2341//1777 2144//1778 2034//1779 2281//1780
f 2342//1781 2145//1782 2035//1783 2272//1784
f 2339//1785 2340//1785 2273//1786 2276//1786
f 2337//1787 2141//1788 2031//1789 2278//1790
f 2338//1791 2147//1792 2037//1793 2280//1794
f 2147//1792 2148//1795 2038//1795 2037//1793
f 2141//1788 2142//1796 2032//1797 2031//1789
f 2145//1782 2146//1798 2036//1799 2035//1783
f 2149//1795 2029//1795 2039//1795
f 2142//1796 2143//1800 2033//1801 2032//1797
f 2272//1784 2035//1783 2045//1802 2271//1803
f 2276//1786 2273//1786 2274//1804 2275//1804
f 2278//1790 2031//1789 2041//1805 2277//1806
f 2280//1794 2037//1793 2047//1807 2279//1808
f 2037//1793 2038//1795 2048//1795 2047//1807
f 2031//1789 2032//1797 2042//1809 2041//1805
f 2035//1783 2036//1799 2046//1810 2045//1802
f 2039//1795 2029//1795 2049//1795
f 2032//1797 2033//1801 2043//1811 2042//1809
f 2281//1780 2034//1779 2044//1812 2282//1813
f 2042//1809 2043//1811 2053//1814 2052//1815
f 2282//1813 2044//1812 2054//1816 2283//1817
f 2271//1803 2045//1802 2055//1818 2284//1819
f 2275//1804 2274//1804 2285//1820 2286//1820
f 2277//1806 2041//1805 2051//1821 2287//1822
f 2279//1808 2047//1807 2057//1823 2288//1824
f 2047//1807 2048//1795 2058//1795 2057//1823
f 2041//1805 2042//1809 2052//1815 2051//1821
f 2045//1802 2046//1810 2056//1825 2055//1818
f 2049//1795 2029//1795 2059//1795
f 2055//1818 2056//1825 2066//1826 2065//1827
f 2059//1795 2029//1795 2069//1795
f 2052//1815 2053//1814 2063//1828 2062//1829
f 2283//1817 2054//1816 2064//1830 2291//1831
f 2284//1819 2055//1818 2065//1827 2292//1832
f 2286//1820 2285//1820 2290//1833 2293//1833
f 2287//1822 2051//1821 2061//1834 2294//1835
f 2288//1824 2057//1823 2067//1836 2289//1837
f 2057//1823 2058//1795 2068//1795 2067//1836
f 2051//1821 2052//1815 2062//1829 2061//1834
f 2061//1834 2062//1829 2072//1838 2071//1839
f 2065//1827 2066//1826 2076//1840 2075//1841
f 2069//1795 2029//1795 2079//1795
f 2062//1829 2063//1828 2073//1842 2072//1838
f 2291//1831 2064//1830 2074//1843 2297//1844
f 2292//1832 2065//1827 2075//1841 2298//1845
f 2293//1833 2290//1833 2296//1846 2299//1846
f 2294//1835 2061//1834 2071//1839 2300//1847
f 2289//1837 2067//1836 2077//1848 2295//1849
f 2067//1836 2068//1795 2078//1795 2077//1848
f 2295//1849 2077//1848 2087//1850 2301//1851
f 2077//1848 2078//1795 2088//1795 2087//1850
f 2071//1839 2072//1838 2082//1852 2081//1853
f 2075//1841 2076//1840 2086//1854 2085//1855
f 2079//1795 2029//1795 2089//1795
f 2072//1838 2073//1842 2083//1856 2082//1852
f 2297//1844 2074//1843 2084//1857 2304//1858
f 2298//1845 2075//1841 2085//1855 2305//1859
f 2299//1846 2296//1846 2303//1860 2302//1860
f 2300//1847 2071//1839 2081//1853 2306//1861
f 2302//1860 2303//1860 2307//1862 2308//1862
f 2306//1861 2081//1853 2091//1863 2309//1864
f 2301//1851 2087//1850 2097//1865 2310//1866
f 2087//1850 2088//1795 2098//1795 2097//1865
f 2081//1853 2082//1852 2092//1867 2091//1863
f 2085//1855 2086//1854 2096//1868 2095//1869
f 2089//1795 2029//1795 2099//1795
f 2082//1852 2083//1856 2093//1870 2092//1867
f 2304//1858 2084//1857 2094//1871 2311//1872
f 2305//1859 2085//1855 2095//1869 2312//1873
f 2311//1872 2094//1871 2104//1874 2314//1875
f 2312//1873 2095//1869 2105//1876 2313//1877
f 2308//1862 2307//1862 2315//1878 2316//1878
f 2309//1864 2091//1863 2101//1879 2317//1880
f 2310//1866 2097//1865 2107//1881 2318//1882
f 2097//1865 2098//1795 2108//1795 2107//1881
f 2091//1863 2092//1867 2102//1883 2101//1879
f 2095//1869 2096//1868 2106//1884 2105//1876
f 2099//1795 2029//1795 2109//1795
f 2092//1867 2093//1870 2103//1885 2102//1883
f 2109//1795 2029//1795 2119//1795
f 2102//1883 2103//1885 2113//1886 2112//1887
f 2314//1875 2104//1874 2114//1888 2320//1889
f 2313//1877 2105//1876 2115//1890 2321//1891
f 2316//1878 2315//1878 2319//1892 2322//1892
f 2317//1880 2101//1879 2111//1893 2323//1894
f 2318//1882 2107//1881 2117//1895 2324//1896
f 2107//1881 2108//1795 2118//1795 2117//1895
f 2101//1879 2102//1883 2112//1887 2111//1893
f 2105//1876 2106//1884 2116//1897 2115//1890
f 2115//1890 2116//1897 2126//1898 2125//1899
f 2119//1795 2029//1795 2129//1795
f 2112//1887 2113//1886 2123//1900 2122//1901
f 2320//1889 2114//1888 2124//1902 2327//1903
f 2321//1891 2115//1890 2125//1899 2328//1904
f 2322//1892 2319//1892 2326//1905 2329//1905
f 2323//1894 2111//1893 2121//1906 2330//1907
f 2324//1896 2117//1895 2127//1908 2325//1909
f 2117//1895 2118//1795 2128//1795 2127//1908
f 2111//1893 2112//1887 2122//1901 2121//1906
f 2127//1908 2128//1795 2138//1795 2137//1910
f 2121//1906 2122//1901 2132//1911 2131//1912
f 2125//1899 2126//1898 2136//1913 2135//1914
f 2129//1795 2029//1795 2139//1795
f 2122//1901 2123//1900 2133//1915 2132//1911
f 2327//1903 2124//1902 2134//1916 2334//1917
f 2328//1904 2125//1899 2135//1914 2335//1918
f 2329//1905 2326//1905 2333//1919 2331//1919
f 2330//1907 2121//1906 2131//1912 2336//1920
f 2325//1909 2127//1908 2137//1910 2332//1921
f 2336//1920 2131//1912 2141//1788 2337//1787
f 2332//1921 2137//1910 2147//1792 2338//1791
f 2137//1910 2138//1795 2148//1795 2147//1792
f 2131//1912 2132//1911 2142//1796 2141//1788
f 2135//1914 2136//1913 2146//1798 2145//1782
f 2139//1795 2029//1795 2149//1795
f 2132//1911 2133//1915 2143//1800 2142//1796
f 2334//1917 2134//1916 2144//1778 2341//1777
f 2335//1918 2135//1914 2145//1782 2342//1781
f 2331//1919 2333//1919 2340//1785 2339//1785
f 2401//1922 2351//1923 2155//1924 2265//1925
f 2402//1926 2344//1927 2156//1928 2266//1929
f 2269//1930 2159//1931 2345//1932 2400//1933
f 2398//1934 2348//1935 2152//1936 2262//1937
f 2399//1938 2350//1939 2158//1940 2268//1941
f 2268//1941 2158//1940 2159//1931 2269//1930
f 2262//1937 2152//1936 2153//1942 2263//1943
f 2266//1929 2156//1928 2157//1944 2267//1945
f 2270//1946 2160//1947 2150//1948
f 2263//1943 2153//1942 2154//1949 2264//1950
f 2344//1927 2343//1951 2166//1952 2156//1928
f 2159//1931 2169//1953 2346//1954 2345//1932
f 2348//1935 2347//1955 2162//1956 2152//1936
f 2350//1939 2349//1957 2168//1958 2158//1940
f 2158//1940 2168//1958 2169//1953 2159//1931
f 2152//1936 2162//1956 2163//1959 2153//1942
f 2156//1928 2166//1952 2167//1960 2157//1944
f 2160//1947 2170//1961 2150//1948
f 2153//1942 2163//1959 2164//1962 2154//1949
f 2351//1923 2352//1963 2165//1964 2155//1924
f 2163//1959 2173//1965 2174//1966 2164//1962
f 2352//1963 2353//1967 2175//1968 2165//1964
f 2343//1951 2354//1969 2176//1970 2166//1952
f 2169//1953 2179//1971 2355//1972 2346//1954
f 2347//1955 2356//1973 2172//1974 2162//1956
f 2349//1957 2357//1975 2178//1976 2168//1958
f 2168//1958 2178//1976 2179//1971 2169//1953
f 2162//1956 2172//1974 2173//1965 2163//1959
f 2166//1952 2176//1970 2177//1977 2167//1960
f 2170//1961 2180//1978 2150//1948
f 2176//1970 2186//1979 2187//1980 2177//1977
f 2180//1978 2190//1981 2150//1948
f 2173//1965 2183//1982 2184//1983 2174//1966
f 2353//1967 2360//1984 2185//1985 2175//1968
f 2354//1969 2361//1986 2186//1979 2176//1970
f 2179//1971 2189//1987 2359//1988 2355//1972
f 2356//1973 2362//1989 2182//1990 2172//1974
f 2357//1975 2358//1991 2188//1992 2178//1976
f 2178//1976 2188//1992 2189//1987 2179//1971
f 2172//1974 2182//1990 2183//1982 2173//1965
f 2182//1990 2192//1993 2193//1994 2183//1982
f 2186//1979 2196//1995 2197//1996 2187//1980
f 2190//1981 2200//1997 2150//1948
f 2183//1982 2193//1994 2194//1998 2184//1983
f 2360//1984 2365//1999 2195//2000 2185//1985
f 2361//1986 2366//2001 2196//1995 2186//1979
f 2189//1987 2199//2002 2364//2003 2359//1988
f 2362//1989 2367//2004 2192//1993 2182//1990
f 2358//1991 2363//2005 2198//2006 2188//1992
f 2188//1992 2198//2006 2199//2002 2189//1987
f 2363//2005 2368//2007 2208//2008 2198//2006
f 2198//2006 2208//2008 2209//2009 2199//2002
f 2192//1993 2202//2010 2203//2011 2193//1994
f 2196//1995 2206//2012 2207//2013 2197//1996
f 2200//1997 2210//2014 2150//1948
f 2193//1994 2203//2011 2204//2015 2194//1998
f 2365//1999 2370//2016 2205//2017 2195//2000
f 2366//2001 2371//2018 2206//2012 2196//1995
f 2199//2002 2209//2009 2369//2019 2364//2003
f 2367//2004 2372//2020 2202//2010 2192//1993
f 2209//2009 2219//2021 2373//2022 2369//2019
f 2372//2020 2374//2023 2212//2024 2202//2010
f 2368//2007 2375//2025 2218//2026 2208//2008
f 2208//2008 2218//2026 2219//2021 2209//2009
f 2202//2010 2212//2024 2213//2027 2203//2011
f 2206//2012 2216//2028 2217//2029 2207//2013
f 2210//2014 2220//2030 2150//1948
f 2203//2011 2213//2027 2214//2031 2204//2015
f 2370//2016 2376//2032 2215//2033 2205//2017
f 2371//2018 2377//2034 2216//2028 2206//2012
f 2376//2032 2379//2035 2225//2036 2215//2033
f 2377//2034 2378//2037 2226//2038 2216//2028
f 2219//2021 2229//2039 2380//2040 2373//2022
f 2374//2023 2381//2041 2222//2042 2212//2024
f 2375//2025 2382//2043 2228//2044 2218//2026
f 2218//2026 2228//2044 2229//2039 2219//2021
f 2212//2024 2222//2042 2223//2045 2213//2027
f 2216//2028 2226//2038 2227//2046 2217//2029
f 2220//2030 2230//2047 2150//1948
f 2213//2027 2223//2045 2224//2048 2214//2031
f 2230//2047 2240//2049 2150//1948
f 2223//2045 2233//2050 2234//2051 2224//2048
f 2379//2035 2384//2052 2235//2053 2225//2036
f 2378//2037 2385//2054 2236//2055 2226//2038
f 2229//2039 2239//2056 2383//2057 2380//2040
f 2381//2041 2386//2058 2232//2059 2222//2042
f 2382//2043 2387//2060 2238//2061 2228//2044
f 2228//2044 2238//2061 2239//2056 2229//2039
f 2222//2042 2232//2059 2233//2050 2223//2045
f 2226//2038 2236//2055 2237//2062 2227//2046
f 2236//2055 2246//2063 2247//2064 2237//2062
f 2240//2049 2250//2065 2150//1948
f 2233//2050 2243//2066 2244//2067 2234//2051
f 2384//2052 2390//2068 2245//2069 2235//2053
f 2385//2054 2391//2070 2246//2063 2236//2055
f 2239//2056 2249//2071 2389//2072 2383//2057
f 2386//2058 2392//2073 2242//2074 2232//2059
f 2387//2060 2388//2075 2248//2076 2238//2061
f 2238//2061 2248//2076 2249//2071 2239//2056
f 2232//2059 2242//2074 2243//2066 2233//2050
f 2248//2076 2258//2077 2259//2078 2249//2071
f 2242//2074 2252//2079 2253//2080 2243//2066
f 2246//2063 2256//2081 2257//2082 2247//2064
f 2250//2065 2260//2083 2150//1948
f 2243//2066 2253//2080 2254//2084 2244//2067
f 2390//2068 2395//2085 2255//2086 2245//2069
f 2391//2070 2396//2087 2256//2081 2246//2063
f 2249//2071 2259//2078 2394//2088 2389//2072
f 2392//2073 2397//2089 2252//2079 2242//2074
f 2388//2075 2393//2090 2258//2077 2248//2076
f 2397//2089 2398//1934 2262//1937 2252//2079
f 2393//2090 2399//1938 2268//1941 2258//2077
f 2258//2077 2268//1941 2269//1930 2259//2078
f 2252//2079 2262//1937 2263//1943 2253//2080
f 2256//2081 2266//1929 2267//1945 2257//2082
f 2260//2083 2270//1946 2150//1948
f 2253//2080 2263//1943 2264//1950 2254//2084
f 2395//2085 2401//1922 2265//1925 2255//2086
f 2396//2087 2402//1926 2266//1929 2256//2081
f 2259//2078 2269//1930 2400//1933 2394//2088
f 2030//2091 2040//2092 2161//2093 2151//2094
f 2040//2092 2050//2095 2171//2096 2161//2093
f 2050//2095 2060//2097 2181//2098 2171//2096
f 2060//2097 2070//2099 2191//2100 2181//2098
f 2070//2099 2080//2101 2201//2102 2191//2100
f 2080//2101 2090//2103 2211//2104 2201//2102
f 2090//2103 2100//2105 2221//2106 2211//2104
f 2100//2105 2110//2107 2231//2108 2221//2106
f 2110//2107 2120//2109 2241//2110 2231//2108
f 2120//2109 2130//2111 2251//2112 2241//2110
f 2130//2111 2140//2113 2261//2114 2251//2112
f 2140//2113 2030//2091 2151//2094 2261//2114
o vase.034_vase.1262
v -0.627301 3.985089 2.482200
v -0.764399 3.830802 2.411086
v -0.780722 3.416070 2.392931
v -0.761941 2.820042 2.437261
v -0.336791 2.268755 2.676515
v -0.123965 1.256799 2.706881
v -0.487307 0.393450 2.521240
v -0.793388 0.070682 2.371982
v -0.831698 0.070682 2.364191
v -0.863804 0.107755 2.345654
v -0.835817 3.985089 2.690715
v -0.918991 3.830802 2.560580
v -0.924049 3.416070 2.536696
v -0.929950 2.820042 2.584477
v -0.681386 2.268755 3.004253
v -0.512256 1.256799 3.136963
v -0.734099 0.393450 2.794523
v -0.924544 0.070682 2.512221
v -0.953826 0.070682 2.486318
v -0.972362 0.107755 2.454212
v -1.120655 3.985089 2.767037
v -1.127618 3.830802 2.612750
v -1.120057 3.416070 2.589537
v -1.149057 2.820042 2.627966
v -1.143683 2.268755 3.115784
v -1.063567 1.256799 3.315280
v -1.084469 0.393450 2.907796
v -1.108248 0.070682 2.568093
v -1.120655 0.070682 2.531020
v -1.120655 0.107755 2.493947
v -1.405493 3.985089 2.690715
v -1.334379 3.830802 2.553617
v -1.316225 3.416070 2.537294
v -1.360554 2.820042 2.556075
v -1.599809 2.268755 2.981225
v -1.630175 1.256799 3.194051
v -1.444534 0.393450 2.830709
v -1.295276 0.070682 2.524628
v -1.287484 0.070682 2.486318
v -1.268947 0.107755 2.454212
v -1.614008 3.985089 2.482198
v -1.483873 3.830802 2.399025
v -1.459990 3.416070 2.393967
v -1.507770 2.820042 2.388066
v -1.927546 2.268755 2.636629
v -2.060257 1.256799 2.805759
v -1.717816 0.393450 2.583916
v -1.435514 0.070682 2.393472
v -1.409611 0.070682 2.364190
v -1.377505 0.107755 2.345654
v -1.690330 3.985089 2.197361
v -1.536043 3.830802 2.190398
v -1.512830 3.416070 2.197959
v -1.551259 2.820042 2.168959
v -2.039077 2.268755 2.174333
v -2.238573 1.256799 2.254448
v -1.831089 0.393450 2.233547
v -1.491386 0.070682 2.209768
v -1.454313 0.070682 2.197361
v -1.417240 0.107755 2.197361
v -1.614007 3.985089 1.912523
v -1.476910 3.830802 1.983637
v -1.460587 3.416070 2.001791
v -1.479367 2.820042 1.957462
v -1.904517 2.268755 1.718206
v -2.117343 1.256799 1.687840
v -1.754001 0.393450 1.873482
v -1.447921 0.070682 2.022740
v -1.409611 0.070682 2.030532
v -1.377504 0.107755 2.049068
v -1.405491 3.985089 1.704008
v -1.322318 3.830802 1.834143
v -1.317259 3.416070 1.858027
v -1.311359 2.820042 1.810246
v -1.559921 2.268755 1.390470
v -1.729051 1.256799 1.257759
v -1.507209 0.393450 1.600200
v -1.316764 0.070682 1.882502
v -1.287483 0.070682 1.908405
v -1.268946 0.107755 1.940511
v -1.120653 3.985089 1.627686
v -1.113690 3.830802 1.781973
v -1.121251 3.416070 1.805187
v -1.092251 2.820042 1.766757
v -1.097624 2.268755 1.278939
v -1.177740 1.256799 1.079443
v -1.156839 0.393450 1.486927
v -1.133061 0.070682 1.826630
v -1.120654 0.070682 1.863703
v -1.120654 0.107755 1.900777
v -1.120655 0.107755 2.197362
v -0.835815 3.985089 1.704009
v -0.906929 3.830802 1.841107
v -0.925084 3.416070 1.857430
v -0.880754 2.820042 1.838649
v -0.641498 2.268755 1.413500
v -0.611132 1.256799 1.200674
v -0.796774 0.393450 1.564015
v -0.946033 0.070682 1.870096
v -0.953824 0.070682 1.908406
v -0.972361 0.107755 1.940512
v -0.627300 3.985089 1.912526
v -0.757436 3.830802 1.995699
v -0.781319 3.416070 2.000757
v -0.733538 2.820042 2.006658
v -0.313762 2.268755 1.758096
v -0.181051 1.256799 1.588966
v -0.523492 0.393450 1.810808
v -0.805795 0.070682 2.001252
v -0.831697 0.070682 2.030534
v -0.863804 0.107755 2.049070
v -0.550979 3.985089 2.197364
v -0.705266 3.830802 2.204326
v -0.728479 3.416070 2.196765
v -0.690050 2.820042 2.225766
v -0.202232 2.268755 2.220393
v -0.002736 1.256799 2.140278
v -0.410220 0.393450 2.161178
v -0.749923 0.070682 2.184956
v -0.786996 0.070682 2.197363
v -0.824070 0.107755 2.197363
v -0.574660 3.924290 2.512663
v -0.697703 3.793651 2.450670
v -0.706916 3.416501 2.437069
v -0.695613 2.854876 2.479483
v -0.269911 2.305531 2.716144
v -0.048390 1.246762 2.746672
v -0.424569 0.344218 2.553423
v -0.761313 -0.007321 2.388788
v -0.855960 -0.010625 2.350183
v -0.896155 0.030293 2.326978
v -0.805461 3.924290 2.743417
v -0.881023 3.793651 2.628211
v -0.882203 3.416501 2.611825
v -0.893620 2.854876 2.654207
v -0.643282 2.305531 3.072012
v -0.466703 1.246762 3.209213
v -0.695859 0.344218 2.853765
v -0.905169 -0.007321 2.542813
v -0.967833 -0.010625 2.462057
v -0.991039 0.030293 2.421861
v -1.120716 3.924290 2.827857
v -1.128549 3.793651 2.690304
v -1.121377 3.416501 2.675524
v -1.152459 2.854876 2.706520
v -1.144562 2.305531 3.193517
v -1.060242 1.246762 3.400626
v -1.080973 0.344218 2.978222
v -1.106767 -0.007321 2.604273
v -1.120655 -0.010625 2.503005
v -1.120655 0.030293 2.456594
v -1.435957 3.924290 2.743356
v -1.373963 3.793651 2.620313
v -1.360363 3.416501 2.611100
v -1.402776 2.854876 2.622403
v -1.639438 2.305531 3.048105
v -1.669966 1.246762 3.269626
v -1.476717 0.344218 2.893447
v -1.312081 -0.007321 2.556703
v -1.273477 -0.010625 2.462056
v -1.250271 0.030293 2.421861
v -1.666710 3.924290 2.512555
v -1.551504 3.793651 2.436993
v -1.535119 3.416501 2.435813
v -1.577501 2.854876 2.424396
v -1.995305 2.305531 2.674733
v -2.132507 1.246762 2.851312
v -1.777058 0.344218 2.622157
v -1.466106 -0.007321 2.412847
v -1.385350 -0.010625 2.350183
v -1.345154 0.030293 2.326977
v -1.751150 3.924290 2.197300
v -1.613597 3.793651 2.189466
v -1.598817 3.416501 2.196639
v -1.629813 2.854876 2.165557
v -2.116810 2.305531 2.173453
v -2.323919 1.246762 2.257773
v -1.901515 0.344218 2.237043
v -1.527566 -0.007321 2.211249
v -1.426298 -0.010625 2.197361
v -1.379887 0.030293 2.197361
v -1.666649 3.924290 1.882059
v -1.543606 3.793651 1.944053
v -1.534393 3.416501 1.957653
v -1.545696 2.854876 1.915240
v -1.971397 2.305531 1.678578
v -2.192918 1.246762 1.648049
v -1.816740 0.344218 1.841299
v -1.479996 -0.007321 2.005935
v -1.385349 -0.010625 2.044539
v -1.345154 0.030293 2.067745
v -1.435847 3.924290 1.651306
v -1.360285 3.793651 1.766512
v -1.359106 3.416501 1.782897
v -1.347688 2.854876 1.740516
v -1.598025 2.305531 1.322711
v -1.774604 1.246762 1.185509
v -1.545449 0.344218 1.540958
v -1.336139 -0.007321 1.851910
v -1.273475 -0.010625 1.932666
v -1.250270 0.030293 1.972862
v -1.120592 3.924290 1.566867
v -1.112759 3.793651 1.704419
v -1.119931 3.416501 1.719200
v -1.088850 2.854876 1.688203
v -1.096745 2.305531 1.201207
v -1.181065 1.246762 0.994097
v -1.160335 0.344218 1.416502
v -1.134541 -0.007321 1.790450
v -1.120654 -0.010625 1.891718
v -1.120654 0.030293 1.938130
v -1.120655 0.021755 2.197362
v -0.805351 3.924290 1.651368
v -0.867345 3.793651 1.774411
v -0.880946 3.416501 1.783623
v -0.838530 2.854876 1.772321
v -0.601870 2.305531 1.346620
v -0.571341 1.246762 1.125099
v -0.764591 0.344218 1.501277
v -0.929228 -0.007321 1.838021
v -0.967832 -0.010625 1.932667
v -0.991038 0.030293 1.972863
v -0.574596 3.924290 1.882170
v -0.689805 3.793651 1.957731
v -0.706190 3.416501 1.958911
v -0.663808 2.854876 1.970329
v -0.246003 2.305531 1.719992
v -0.108801 1.246762 1.543414
v -0.464250 0.344218 1.772568
v -0.775203 -0.007321 1.981877
v -0.855959 -0.010625 2.044541
v -0.896155 0.030293 2.067747
v -0.490159 3.924290 2.197425
v -0.627712 3.793651 2.205258
v -0.642492 3.416501 2.198086
v -0.611496 2.854876 2.229167
v -0.124500 2.305531 2.221272
v 0.082610 1.246762 2.136952
v -0.339795 0.344218 2.157682
v -0.713743 -0.007321 2.183476
v -0.815011 -0.010625 2.197363
v -0.861423 0.030293 2.197363
v -0.972362 0.107755 2.454212
v -0.863804 0.107755 2.345654
v -0.953826 0.070682 2.486318
v -0.831698 0.070682 2.364191
v -0.835817 3.985089 2.690715
v -0.627301 3.985089 2.482200
v -1.120655 0.070682 2.531020
v -1.120655 0.107755 2.493947
v -1.120655 3.985089 2.767037
v -1.405493 3.985089 2.690715
v -1.287484 0.070682 2.486318
v -1.268947 0.107755 2.454212
v -1.377505 0.107755 2.345654
v -1.409611 0.070682 2.364190
v -1.614008 3.985089 2.482198
v -1.417240 0.107755 2.197361
v -1.454313 0.070682 2.197361
v -1.690330 3.985089 2.197361
v -1.377504 0.107755 2.049068
v -1.409611 0.070682 2.030532
v -1.614007 3.985089 1.912523
v -1.268946 0.107755 1.940511
v -1.287483 0.070682 1.908405
v -1.405491 3.985089 1.704008
v -1.120654 0.070682 1.863703
v -1.120654 0.107755 1.900777
v -1.120653 3.985089 1.627686
v -0.972361 0.107755 1.940512
v -0.953824 0.070682 1.908406
v -0.835815 3.985089 1.704009
v -0.863804 0.107755 2.049070
v -0.831697 0.070682 2.030534
v -0.627300 3.985089 1.912526
v -0.824070 0.107755 2.197363
v -0.786996 0.070682 2.197363
v -0.550979 3.985089 2.197364
v -0.805461 3.924290 2.743417
v -0.574660 3.924290 2.512663
v -1.120716 3.924290 2.827857
v -1.435957 3.924290 2.743356
v -1.666710 3.924290 2.512555
v -1.751150 3.924290 2.197300
v -1.666649 3.924290 1.882059
v -1.435847 3.924290 1.651306
v -1.120592 3.924290 1.566867
v -0.805351 3.924290 1.651368
v -0.574596 3.924290 1.882170
v -0.490159 3.924290 2.197425
vn -0.9018 0.4320 -0.0108
vn -0.9998 -0.0050 -0.0154
vn -0.8582 -0.0050 -0.5132
vn -0.7755 0.4320 -0.4603
vn -0.9924 0.1167 0.0387
vn -0.8189 0.5725 0.0407
vn -0.7295 0.5725 -0.3742
vn -0.8788 0.1167 -0.4627
vn 0.0000 1.0000 0.0000
vn -0.9134 -0.4050 -0.0396
vn -0.7713 -0.4050 -0.4910
vn -0.9039 -0.4276 -0.0102
vn -0.7777 -0.4276 -0.4608
vn 0.7071 0.7071 0.0000
vn 0.6124 0.7071 0.3535
vn -0.7072 0.7070 -0.0007
vn -0.6121 0.7070 -0.3542
vn -0.4207 0.9070 0.0172
vn -0.3730 0.9070 -0.1954
vn -0.4866 -0.0050 -0.8736
vn -0.4415 0.4320 -0.7864
vn -0.4447 0.5725 -0.6889
vn -0.5297 0.1167 -0.8401
vn -0.4224 -0.4050 -0.8108
vn -0.4431 -0.4276 -0.7879
vn 0.3535 0.7071 0.6124
vn -0.3530 0.7070 -0.6128
vn -0.2253 0.9070 -0.3557
vn -0.0172 0.9070 -0.4207
vn -0.0407 0.5725 -0.8189
vn 0.0154 -0.0050 -0.9998
vn 0.0108 0.4320 -0.9018
vn -0.0387 0.1167 -0.9924
vn 0.0396 -0.4050 -0.9134
vn 0.0102 -0.4276 -0.9039
vn 0.0000 0.7071 0.7071
vn 0.0007 0.7070 -0.7072
vn 0.4603 0.4320 -0.7755
vn 0.3542 0.7070 -0.6121
vn 0.1954 0.9070 -0.3730
vn 0.3742 0.5725 -0.7295
vn 0.5132 -0.0050 -0.8582
vn 0.4627 0.1167 -0.8788
vn 0.4910 -0.4050 -0.7713
vn 0.4608 -0.4276 -0.7777
vn -0.3535 0.7071 0.6124
vn 0.8401 0.1167 -0.5297
vn 0.7879 -0.4276 -0.4431
vn -0.6124 0.7071 0.3535
vn 0.7864 0.4320 -0.4415
vn 0.6128 0.7070 -0.3530
vn 0.3557 0.9070 -0.2253
vn 0.6889 0.5725 -0.4447
vn 0.8736 -0.0050 -0.4866
vn 0.8108 -0.4050 -0.4224
vn 0.9134 -0.4050 0.0396
vn 0.9998 -0.0050 0.0154
vn 0.9039 -0.4276 0.0102
vn 0.9924 0.1167 -0.0387
vn -0.7071 0.7071 0.0000
vn 0.9018 0.4320 0.0108
vn 0.7072 0.7070 0.0007
vn 0.4207 0.9070 -0.0172
vn 0.8189 0.5725 -0.0407
vn 0.7295 0.5725 0.3742
vn 0.8788 0.1167 0.4627
vn 0.7713 -0.4050 0.4910
vn 0.8582 -0.0050 0.5132
vn 0.7777 -0.4276 0.4608
vn -0.6124 0.7071 -0.3535
vn 0.7755 0.4320 0.4603
vn 0.6121 0.7070 0.3542
vn 0.3730 0.9070 0.1954
vn 0.4866 -0.0050 0.8736
vn 0.4415 0.4320 0.7864
vn 0.4447 0.5725 0.6889
vn 0.5297 0.1167 0.8401
vn 0.4224 -0.4050 0.8108
vn 0.4431 -0.4276 0.7879
vn -0.3535 0.7071 -0.6124
vn 0.3530 0.7070 0.6128
vn 0.2253 0.9070 0.3557
vn 0.0172 0.9070 0.4207
vn 0.0407 0.5725 0.8189
vn -0.0154 -0.0050 0.9998
vn -0.0108 0.4320 0.9018
vn 0.0387 0.1167 0.9924
vn -0.0396 -0.4050 0.9134
vn -0.0102 -0.4276 0.9039
vn 0.0000 0.7071 -0.7071
vn -0.0007 0.7070 0.7072
vn 0.3535 0.7071 -0.6124
vn -0.4603 0.4320 0.7755
vn -0.3542 0.7070 0.6121
vn -0.1954 0.9070 0.3730
vn -0.3742 0.5725 0.7295
vn -0.5132 -0.0050 0.8582
vn -0.4627 0.1167 0.8788
vn -0.4910 -0.4050 0.7713
vn -0.4608 -0.4276 0.7777
vn -0.7879 -0.4276 0.4431
vn -0.8108 -0.4050 0.4224
vn -0.8401 0.1167 0.5297
vn 0.6124 0.7071 -0.3535
vn -0.7864 0.4320 0.4415
vn -0.6128 0.7070 0.3530
vn -0.3557 0.9070 0.2253
vn -0.6889 0.5725 0.4447
vn -0.8736 -0.0050 0.4866
vn 0.8990 -0.4377 0.0119
vn 0.7726 -0.4377 0.4599
vn 0.8585 0.0089 0.5128
vn 0.9998 0.0089 0.0149
vn 0.9925 -0.1159 -0.0384
vn 0.8787 -0.1159 0.4630
vn 0.7291 -0.5730 0.3742
vn 0.8186 -0.5730 -0.0404
vn -0.3901 -0.9207 0.0000
vn -0.3378 -0.9208 -0.1950
vn 0.0000 -1.0000 0.0000
vn 0.7727 0.4014 0.4917
vn 0.9150 0.4014 0.0394
vn 0.7781 0.4273 0.4605
vn 0.9040 0.4273 0.0097
vn -0.2817 -0.9595 0.0000
vn -0.2440 -0.9595 -0.1408
vn 0.6888 -0.7249 -0.0005
vn 0.5968 -0.7249 0.3439
vn 0.3816 -0.9024 0.1998
vn 0.4304 -0.9024 -0.0178
vn 0.4392 -0.4377 0.7845
vn 0.4870 0.0089 0.8733
vn 0.5295 -0.1159 0.8404
vn 0.4443 -0.5730 0.6887
vn -0.1950 -0.9207 -0.3378
vn 0.4234 0.4014 0.8122
vn 0.4436 0.4273 0.7878
vn -0.1408 -0.9595 -0.2440
vn 0.3449 -0.7249 0.5962
vn 0.2306 -0.9024 0.3639
vn 0.0404 -0.5730 0.8186
vn 0.0178 -0.9024 0.4304
vn 0.0000 -0.9595 -0.2817
vn -0.0119 -0.4377 0.8990
vn -0.0148 0.0089 0.9998
vn 0.0384 -0.1159 0.9925
vn 0.0000 -0.9207 -0.3901
vn -0.0394 0.4014 0.9150
vn -0.0097 0.4273 0.9040
vn 0.0005 -0.7249 0.6888
vn -0.3439 -0.7249 0.5968
vn -0.4599 -0.4377 0.7726
vn -0.3742 -0.5730 0.7291
vn -0.1998 -0.9024 0.3816
vn 0.1408 -0.9595 -0.2440
vn -0.5128 0.0089 0.8585
vn -0.4630 -0.1159 0.8787
vn 0.1950 -0.9207 -0.3378
vn -0.4917 0.4014 0.7727
vn -0.4605 0.4273 0.7781
vn -0.7878 0.4273 0.4436
vn -0.8404 -0.1159 0.5295
vn 0.2440 -0.9595 -0.1408
vn 0.3378 -0.9207 -0.1950
vn -0.5962 -0.7249 0.3449
vn -0.7845 -0.4377 0.4392
vn -0.6887 -0.5730 0.4443
vn -0.3639 -0.9024 0.2306
vn -0.8733 0.0089 0.4870
vn -0.8122 0.4014 0.4234
vn -0.9998 0.0089 -0.0149
vn -0.9150 0.4014 -0.0394
vn -0.9040 0.4273 -0.0097
vn -0.9925 -0.1159 0.0384
vn 0.2817 -0.9595 0.0000
vn 0.3901 -0.9207 0.0000
vn -0.6888 -0.7249 0.0005
vn -0.8990 -0.4377 -0.0119
vn -0.8186 -0.5730 0.0404
vn -0.4304 -0.9024 0.0178
vn -0.8787 -0.1159 -0.4630
vn -0.7291 -0.5730 -0.3742
vn 0.3378 -0.9208 0.1950
vn -0.8585 0.0089 -0.5128
vn -0.7727 0.4014 -0.4917
vn -0.7781 0.4273 -0.4605
vn 0.2440 -0.9595 0.1408
vn -0.5968 -0.7249 -0.3439
vn -0.7726 -0.4377 -0.4599
vn -0.3816 -0.9024 -0.1998
vn -0.4392 -0.4377 -0.7845
vn -0.4870 0.0089 -0.8733
vn -0.5295 -0.1159 -0.8404
vn -0.4443 -0.5730 -0.6887
vn 0.1950 -0.9207 0.3378
vn -0.4234 0.4014 -0.8122
vn -0.4436 0.4273 -0.7878
vn 0.1408 -0.9595 0.2440
vn -0.3449 -0.7249 -0.5962
vn -0.2306 -0.9024 -0.3639
vn -0.0404 -0.5730 -0.8186
vn -0.0178 -0.9024 -0.4304
vn 0.0000 -0.9595 0.2817
vn 0.0119 -0.4377 -0.8990
vn 0.0149 0.0089 -0.9998
vn -0.0384 -0.1159 -0.9925
vn 0.0000 -0.9207 0.3901
vn 0.0394 0.4014 -0.9150
vn 0.0097 0.4273 -0.9040
vn -0.0005 -0.7249 -0.6888
vn -0.1408 -0.9595 0.2440
vn -0.1950 -0.9208 0.3378
vn 0.3439 -0.7249 -0.5968
vn 0.4599 -0.4377 -0.7726
vn 0.3742 -0.5730 -0.7291
vn 0.1998 -0.9024 -0.3816
vn 0.5128 0.0089 -0.8585
vn 0.4630 -0.1159 -0.8787
vn 0.4917 0.4014 -0.7727
vn 0.4605 0.4273 -0.7781
vn 0.8122 0.4014 -0.4234
vn 0.7878 0.4273 -0.4436
vn 0.8404 -0.1159 -0.5295
vn -0.2440 -0.9595 0.1408
vn -0.3378 -0.9208 0.1950
vn 0.5962 -0.7249 -0.3449
vn 0.7845 -0.4377 -0.4392
vn 0.6887 -0.5730 -0.4443
vn 0.3639 -0.9024 -0.2306
vn 0.8733 0.0089 -0.4870
vn 0.6123 0.7072 0.3534
vn 0.3535 0.7072 0.6122
vn 0.3534 0.7072 0.6123
vn 0.6122 0.7072 0.3536
vn 0.0000 0.7072 0.7070
vn -0.0001 0.7072 0.7070
vn -0.3534 0.7072 0.6123
vn -0.3536 0.7072 0.6122
vn -0.6122 0.7072 0.3535
vn -0.6123 0.7072 0.3534
vn -0.7070 0.7072 0.0000
vn -0.7070 0.7072 -0.0001
vn -0.6123 0.7072 -0.3534
vn -0.6122 0.7072 -0.3536
vn -0.3535 0.7072 -0.6122
vn -0.3534 0.7072 -0.6123
vn -0.0000 0.7072 -0.7070
vn 0.0001 0.7072 -0.7070
vn 0.3534 0.7072 -0.6123
vn 0.3536 0.7072 -0.6122
vn 0.6122 0.7072 -0.3535
vn 0.6123 0.7072 -0.3534
vn 0.7070 0.7072 -0.0000
vn 0.7070 0.7072 0.0001
usemtl Material.002
s 1
f 2515//2115 2516//2116 2405//2117 2404//2118
f 2519//2119 2520//2120 2409//2121 2408//2122
f 2523//2123 2493//2123 2412//2123
f 2516//2116 2517//2124 2406//2125 2405//2117
f 2517//2124 2518//2126 2407//2127 2406//2125
f 2518//2126 2519//2119 2408//2122 2407//2127
f 2679//2128 2678//2128 2646//2129 2648//2129
f 2680//2130 2515//2115 2404//2118 2650//2131
f 2520//2120 2521//2132 2410//2133 2409//2121
f 2521//2132 2522//2123 2411//2123 2410//2133
f 2404//2118 2405//2117 2415//2134 2414//2135
f 2408//2122 2409//2121 2419//2136 2418//2137
f 2412//2123 2493//2123 2422//2123
f 2405//2117 2406//2125 2416//2138 2415//2134
f 2406//2125 2407//2127 2417//2139 2416//2138
f 2407//2127 2408//2122 2418//2137 2417//2139
f 2648//2129 2646//2129 2645//2140 2647//2140
f 2650//2131 2404//2118 2414//2135 2649//2141
f 2409//2121 2410//2133 2420//2142 2419//2136
f 2410//2133 2411//2123 2421//2123 2420//2142
f 2419//2136 2420//2142 2430//2143 2429//2144
f 2420//2142 2421//2123 2431//2123 2430//2143
f 2414//2135 2415//2134 2425//2145 2424//2146
f 2418//2137 2419//2136 2429//2144 2428//2147
f 2422//2123 2493//2123 2432//2123
f 2415//2134 2416//2138 2426//2148 2425//2145
f 2416//2138 2417//2139 2427//2149 2426//2148
f 2417//2139 2418//2137 2428//2147 2427//2149
f 2647//2140 2645//2140 2652//2150 2651//2150
f 2649//2141 2414//2135 2424//2146 2653//2151
f 2653//2151 2424//2146 2434//2152 2654//2153
f 2429//2144 2430//2143 2440//2154 2439//2155
f 2430//2143 2431//2123 2441//2123 2440//2154
f 2424//2146 2425//2145 2435//2156 2434//2152
f 2428//2147 2429//2144 2439//2155 2438//2157
f 2432//2123 2493//2123 2442//2123
f 2425//2145 2426//2148 2436//2158 2435//2156
f 2426//2148 2427//2149 2437//2159 2436//2158
f 2427//2149 2428//2147 2438//2157 2437//2159
f 2651//2150 2652//2150 2656//2160 2655//2160
f 2437//2159 2438//2157 2448//2161 2447//2162
f 2655//2160 2656//2160 2657//2163 2658//2163
f 2654//2153 2434//2152 2444//2164 2659//2165
f 2439//2155 2440//2154 2450//2166 2449//2167
f 2440//2154 2441//2123 2451//2123 2450//2166
f 2434//2152 2435//2156 2445//2168 2444//2164
f 2438//2157 2439//2155 2449//2167 2448//2161
f 2442//2123 2493//2123 2452//2123
f 2435//2156 2436//2158 2446//2169 2445//2168
f 2436//2158 2437//2159 2447//2162 2446//2169
f 2445//2168 2446//2169 2456//2170 2455//2171
f 2446//2169 2447//2162 2457//2172 2456//2170
f 2447//2162 2448//2161 2458//2173 2457//2172
f 2658//2163 2657//2163 2660//2174 2661//2174
f 2659//2165 2444//2164 2454//2175 2662//2176
f 2449//2167 2450//2166 2460//2177 2459//2178
f 2450//2166 2451//2123 2461//2123 2460//2177
f 2444//2164 2445//2168 2455//2171 2454//2175
f 2448//2161 2449//2167 2459//2178 2458//2173
f 2452//2123 2493//2123 2462//2123
f 2458//2173 2459//2178 2469//2179 2468//2180
f 2462//2123 2493//2123 2472//2123
f 2455//2171 2456//2170 2466//2181 2465//2182
f 2456//2170 2457//2172 2467//2183 2466//2181
f 2457//2172 2458//2173 2468//2180 2467//2183
f 2661//2174 2660//2174 2663//2184 2664//2184
f 2662//2176 2454//2175 2464//2185 2665//2186
f 2459//2178 2460//2177 2470//2187 2469//2179
f 2460//2177 2461//2123 2471//2123 2470//2187
f 2454//2175 2455//2171 2465//2182 2464//2185
f 2464//2185 2465//2182 2475//2188 2474//2189
f 2468//2180 2469//2179 2479//2190 2478//2191
f 2472//2123 2493//2123 2482//2123
f 2465//2182 2466//2181 2476//2192 2475//2188
f 2466//2181 2467//2183 2477//2193 2476//2192
f 2467//2183 2468//2180 2478//2191 2477//2193
f 2664//2184 2663//2184 2666//2194 2667//2194
f 2665//2186 2464//2185 2474//2189 2668//2195
f 2469//2179 2470//2187 2480//2196 2479//2190
f 2470//2187 2471//2123 2481//2123 2480//2196
f 2479//2190 2480//2196 2490//2197 2489//2198
f 2480//2196 2481//2123 2491//2123 2490//2197
f 2474//2189 2475//2188 2485//2199 2484//2200
f 2478//2191 2479//2190 2489//2198 2488//2201
f 2482//2123 2493//2123 2670//2123
f 2475//2188 2476//2192 2486//2202 2485//2199
f 2476//2192 2477//2193 2487//2203 2486//2202
f 2477//2193 2478//2191 2488//2201 2487//2203
f 2667//2194 2666//2194 2492//2204 2669//2204
f 2668//2195 2474//2189 2484//2200 2671//2205
f 2669//2204 2492//2204 2672//2206 2673//2206
f 2671//2205 2484//2200 2495//2207 2674//2208
f 2489//2198 2490//2197 2501//2209 2500//2210
f 2490//2197 2491//2123 2502//2123 2501//2209
f 2484//2200 2485//2199 2496//2211 2495//2207
f 2488//2201 2489//2198 2500//2210 2499//2212
f 2670//2123 2493//2123 2503//2123
f 2485//2199 2486//2202 2497//2213 2496//2211
f 2486//2202 2487//2203 2498//2214 2497//2213
f 2487//2203 2488//2201 2499//2212 2498//2214
f 2497//2213 2498//2214 2508//2215 2507//2216
f 2498//2214 2499//2212 2509//2217 2508//2215
f 2673//2206 2672//2206 2675//2218 2676//2218
f 2674//2208 2495//2207 2505//2219 2677//2220
f 2500//2210 2501//2209 2511//2221 2510//2222
f 2501//2209 2502//2123 2512//2123 2511//2221
f 2495//2207 2496//2211 2506//2223 2505//2219
f 2499//2212 2500//2210 2510//2222 2509//2217
f 2503//2123 2493//2123 2513//2123
f 2496//2211 2497//2213 2507//2216 2506//2223
f 2513//2123 2493//2123 2523//2123
f 2506//2223 2507//2216 2517//2124 2516//2116
f 2507//2216 2508//2215 2518//2126 2517//2124
f 2508//2215 2509//2217 2519//2119 2518//2126
f 2676//2218 2675//2218 2678//2128 2679//2128
f 2677//2220 2505//2219 2515//2115 2680//2130
f 2510//2222 2511//2221 2521//2132 2520//2120
f 2511//2221 2512//2123 2522//2123 2521//2132
f 2505//2219 2506//2223 2516//2116 2515//2115
f 2509//2217 2510//2222 2520//2120 2519//2119
f 2636//2224 2525//2225 2526//2226 2637//2227
f 2640//2228 2529//2229 2530//2230 2641//2231
f 2644//2232 2533//2233 2614//2234
f 2637//2227 2526//2226 2527//2235 2638//2236
f 2638//2236 2527//2235 2528//2237 2639//2238
f 2639//2238 2528//2237 2529//2229 2640//2228
f 2643//2239 2532//2240 2533//2233 2644//2232
f 2692//2241 2682//2242 2525//2225 2636//2224
f 2641//2231 2530//2230 2531//2243 2642//2244
f 2642//2244 2531//2243 2532//2240 2643//2239
f 2525//2225 2535//2245 2536//2246 2526//2226
f 2529//2229 2539//2247 2540//2248 2530//2230
f 2533//2233 2543//2249 2614//2234
f 2526//2226 2536//2246 2537//2250 2527//2235
f 2527//2235 2537//2250 2538//2251 2528//2237
f 2528//2237 2538//2251 2539//2247 2529//2229
f 2532//2240 2542//2252 2543//2249 2533//2233
f 2682//2242 2681//2253 2535//2245 2525//2225
f 2530//2230 2540//2248 2541//2254 2531//2243
f 2531//2243 2541//2254 2542//2252 2532//2240
f 2540//2248 2550//2255 2551//2256 2541//2254
f 2541//2254 2551//2256 2552//2257 2542//2252
f 2535//2245 2545//2258 2546//2259 2536//2246
f 2539//2247 2549//2260 2550//2255 2540//2248
f 2543//2249 2553//2261 2614//2234
f 2536//2246 2546//2259 2547//2262 2537//2250
f 2537//2250 2547//2262 2548//2263 2538//2251
f 2538//2251 2548//2263 2549//2260 2539//2247
f 2542//2252 2552//2257 2553//2261 2543//2249
f 2681//2253 2683//2264 2545//2258 2535//2245
f 2683//2264 2684//2265 2555//2266 2545//2258
f 2550//2255 2560//2267 2561//2268 2551//2256
f 2551//2256 2561//2268 2562//2269 2552//2257
f 2545//2258 2555//2266 2556//2270 2546//2259
f 2549//2260 2559//2271 2560//2267 2550//2255
f 2553//2261 2563//2272 2614//2234
f 2546//2259 2556//2270 2557//2273 2547//2262
f 2547//2262 2557//2273 2558//2274 2548//2263
f 2548//2263 2558//2274 2559//2271 2549//2260
f 2552//2257 2562//2269 2563//2272 2553//2261
f 2558//2274 2568//2275 2569//2276 2559//2271
f 2562//2269 2572//2277 2573//2278 2563//2272
f 2684//2265 2685//2279 2565//2280 2555//2266
f 2560//2267 2570//2281 2571//2282 2561//2268
f 2561//2268 2571//2282 2572//2277 2562//2269
f 2555//2266 2565//2280 2566//2283 2556//2270
f 2559//2271 2569//2276 2570//2281 2560//2267
f 2563//2272 2573//2278 2614//2234
f 2556//2270 2566//2283 2567//2284 2557//2273
f 2557//2273 2567//2284 2568//2275 2558//2274
f 2566//2283 2576//2285 2577//2286 2567//2284
f 2567//2284 2577//2286 2578//2287 2568//2275
f 2568//2275 2578//2287 2579//2288 2569//2276
f 2572//2277 2582//2289 2583//2290 2573//2278
f 2685//2279 2686//2291 2575//2292 2565//2280
f 2570//2281 2580//2293 2581//2294 2571//2282
f 2571//2282 2581//2294 2582//2289 2572//2277
f 2565//2280 2575//2292 2576//2285 2566//2283
f 2569//2276 2579//2288 2580//2293 2570//2281
f 2573//2278 2583//2290 2614//2234
f 2579//2288 2589//2295 2590//2296 2580//2293
f 2583//2290 2593//2297 2614//2234
f 2576//2285 2586//2298 2587//2299 2577//2286
f 2577//2286 2587//2299 2588//2300 2578//2287
f 2578//2287 2588//2300 2589//2295 2579//2288
f 2582//2289 2592//2301 2593//2297 2583//2290
f 2686//2291 2687//2302 2585//2303 2575//2292
f 2580//2293 2590//2296 2591//2304 2581//2294
f 2581//2294 2591//2304 2592//2301 2582//2289
f 2575//2292 2585//2303 2586//2298 2576//2285
f 2585//2303 2595//2305 2596//2306 2586//2298
f 2589//2295 2599//2307 2600//2308 2590//2296
f 2593//2297 2603//2309 2614//2234
f 2586//2298 2596//2306 2597//2310 2587//2299
f 2587//2299 2597//2310 2598//2311 2588//2300
f 2588//2300 2598//2311 2599//2307 2589//2295
f 2592//2301 2602//2312 2603//2309 2593//2297
f 2687//2302 2688//2313 2595//2305 2585//2303
f 2590//2296 2600//2308 2601//2314 2591//2304
f 2591//2304 2601//2314 2602//2312 2592//2301
f 2600//2308 2610//2315 2611//2316 2601//2314
f 2601//2314 2611//2316 2612//2317 2602//2312
f 2595//2305 2605//2318 2606//2319 2596//2306
f 2599//2307 2609//2320 2610//2315 2600//2308
f 2603//2309 2613//2321 2614//2234
f 2596//2306 2606//2319 2607//2322 2597//2310
f 2597//2310 2607//2322 2608//2323 2598//2311
f 2598//2311 2608//2323 2609//2320 2599//2307
f 2602//2312 2612//2317 2613//2321 2603//2309
f 2688//2313 2689//2324 2605//2318 2595//2305
f 2612//2317 2623//2325 2624//2326 2613//2321
f 2689//2324 2690//2327 2616//2328 2605//2318
f 2610//2315 2621//2329 2622//2330 2611//2316
f 2611//2316 2622//2330 2623//2325 2612//2317
f 2605//2318 2616//2328 2617//2331 2606//2319
f 2609//2320 2620//2332 2621//2329 2610//2315
f 2613//2321 2624//2326 2614//2234
f 2606//2319 2617//2331 2618//2333 2607//2322
f 2607//2322 2618//2333 2619//2334 2608//2323
f 2608//2323 2619//2334 2620//2332 2609//2320
f 2618//2333 2628//2335 2629//2336 2619//2334
f 2619//2334 2629//2336 2630//2337 2620//2332
f 2623//2325 2633//2338 2634//2339 2624//2326
f 2690//2327 2691//2340 2626//2341 2616//2328
f 2621//2329 2631//2342 2632//2343 2622//2330
f 2622//2330 2632//2343 2633//2338 2623//2325
f 2616//2328 2626//2341 2627//2344 2617//2331
f 2620//2332 2630//2337 2631//2342 2621//2329
f 2624//2326 2634//2339 2614//2234
f 2617//2331 2627//2344 2628//2335 2618//2333
f 2634//2339 2644//2232 2614//2234
f 2627//2344 2637//2227 2638//2236 2628//2335
f 2628//2335 2638//2236 2639//2238 2629//2336
f 2629//2336 2639//2238 2640//2228 2630//2337
f 2633//2338 2643//2239 2644//2232 2634//2339
f 2691//2340 2692//2241 2636//2224 2626//2341
f 2631//2342 2641//2231 2642//2244 2632//2343
f 2632//2343 2642//2244 2643//2239 2633//2338
f 2626//2341 2636//2224 2637//2227 2627//2344
f 2630//2337 2640//2228 2641//2231 2631//2342
f 2403//2345 2413//2346 2534//2347 2524//2348
f 2413//2346 2423//2349 2544//2350 2534//2347
f 2423//2349 2433//2351 2554//2352 2544//2350
f 2433//2351 2443//2353 2564//2354 2554//2352
f 2443//2353 2453//2355 2574//2356 2564//2354
f 2453//2355 2463//2357 2584//2358 2574//2356
f 2463//2357 2473//2359 2594//2360 2584//2358
f 2473//2359 2483//2361 2604//2362 2594//2360
f 2483//2361 2494//2363 2615//2364 2604//2362
f 2494//2363 2504//2365 2625//2366 2615//2364
f 2504//2365 2514//2367 2635//2368 2625//2366
f 2514//2367 2403//2345 2524//2348 2635//2368
